{
  "ordering": [
    [
      "A1",
      "B1",
      "C1",
      "D1",
      "E1",
      "F1",
      "G1",
      "H1",
      "I1",
      "J1",
      "K1",
      "L1",
      "M1",
      "N1",
      "O1",
      "P1"
    ],
    [
      "A2",
      "B2",
      "C2",
      "D2",
      "E2",
      "F2",
      "G2",
      "H2",
      "I2",
      "J2",
      "K2",
      "L2",
      "M2",
      "N2",
      "O2",
      "P2"
    ],
    [
      "A3",
      "B3",
      "C3",
      "D3",
      "E3",
      "F3",
      "G3",
      "H3",
      "I3",
      "J3",
      "K3",
      "L3",
      "M3",
      "N3",
      "O3",
      "P3"
    ],
    [
      "A4",
      "B4",
      "C4",
      "D4",
      "E4",
      "F4",
      "G4",
      "H4",
      "I4",
      "J4",
      "K4",
      "L4",
      "M4",
      "N4",
      "O4",
      "P4"
    ],
    [
      "A5",
      "B5",
      "C5",
      "D5",
      "E5",
      "F5",
      "G5",
      "H5",
      "I5",
      "J5",
      "K5",
      "L5",
      "M5",
      "N5",
      "O5",
      "P5"
    ],
    [
      "A6",
      "B6",
      "C6",
      "D6",
      "E6",
      "F6",
      "G6",
      "H6",
      "I6",
      "J6",
      "K6",
      "L6",
      "M6",
      "N6",
      "O6",
      "P6"
    ],
    [
      "A7",
      "B7",
      "C7",
      "D7",
      "E7",
      "F7",
      "G7",
      "H7",
      "I7",
      "J7",
      "K7",
      "L7",
      "M7",
      "N7",
      "O7",
      "P7"
    ],
    [
      "A8",
      "B8",
      "C8",
      "D8",
      "E8",
      "F8",
      "G8",
      "H8",
      "I8",
      "J8",
      "K8",
      "L8",
      "M8",
      "N8",
      "O8",
      "P8"
    ],
    [
      "A9",
      "B9",
      "C9",
      "D9",
      "E9",
      "F9",
      "G9",
      "H9",
      "I9",
      "J9",
      "K9",
      "L9",
      "M9",
      "N9",
      "O9",
      "P9"
    ],
    [
      "A10",
      "B10",
      "C10",
      "D10",
      "E10",
      "F10",
      "G10",
      "H10",
      "I10",
      "J10",
      "K10",
      "L10",
      "M10",
      "N10",
      "O10",
      "P10"
    ],
    [
      "A11",
      "B11",
      "C11",
      "D11",
      "E11",
      "F11",
      "G11",
      "H11",
      "I11",
      "J11",
      "K11",
      "L11",
      "M11",
      "N11",
      "O11",
      "P11"
    ],
    [
      "A12",
      "B12",
      "C12",
      "D12",
      "E12",
      "F12",
      "G12",
      "H12",
      "I12",
      "J12",
      "K12",
      "L12",
      "M12",
      "N12",
      "O12",
      "P12"
    ],
    [
      "A13",
      "B13",
      "C13",
      "D13",
      "E13",
      "F13",
      "G13",
      "H13",
      "I13",
      "J13",
      "K13",
      "L13",
      "M13",
      "N13",
      "O13",
      "P13"
    ],
    [
      "A14",
      "B14",
      "C14",
      "D14",
      "E14",
      "F14",
      "G14",
      "H14",
      "I14",
      "J14",
      "K14",
      "L14",
      "M14",
      "N14",
      "O14",
      "P14"
    ],
    [
      "A15",
      "B15",
      "C15",
      "D15",
      "E15",
      "F15",
      "G15",
      "H15",
      "I15",
      "J15",
      "K15",
      "L15",
      "M15",
      "N15",
      "O15",
      "P15"
    ],
    [
      "A16",
      "B16",
      "C16",
      "D16",
      "E16",
      "F16",
      "G16",
      "H16",
      "I16",
      "J16",
      "K16",
      "L16",
      "M16",
      "N16",
      "O16",
      "P16"
    ],
    [
      "A17",
      "B17",
      "C17",
      "D17",
      "E17",
      "F17",
      "G17",
      "H17",
      "I17",
      "J17",
      "K17",
      "L17",
      "M17",
      "N17",
      "O17",
      "P17"
    ],
    [
      "A18",
      "B18",
      "C18",
      "D18",
      "E18",
      "F18",
      "G18",
      "H18",
      "I18",
      "J18",
      "K18",
      "L18",
      "M18",
      "N18",
      "O18",
      "P18"
    ],
    [
      "A19",
      "B19",
      "C19",
      "D19",
      "E19",
      "F19",
      "G19",
      "H19",
      "I19",
      "J19",
      "K19",
      "L19",
      "M19",
      "N19",
      "O19",
      "P19"
    ],
    [
      "A20",
      "B20",
      "C20",
      "D20",
      "E20",
      "F20",
      "G20",
      "H20",
      "I20",
      "J20",
      "K20",
      "L20",
      "M20",
      "N20",
      "O20",
      "P20"
    ],
    [
      "A21",
      "B21",
      "C21",
      "D21",
      "E21",
      "F21",
      "G21",
      "H21",
      "I21",
      "J21",
      "K21",
      "L21",
      "M21",
      "N21",
      "O21",
      "P21"
    ],
    [
      "A22",
      "B22",
      "C22",
      "D22",
      "E22",
      "F22",
      "G22",
      "H22",
      "I22",
      "J22",
      "K22",
      "L22",
      "M22",
      "N22",
      "O22",
      "P22"
    ],
    [
      "A23",
      "B23",
      "C23",
      "D23",
      "E23",
      "F23",
      "G23",
      "H23",
      "I23",
      "J23",
      "K23",
      "L23",
      "M23",
      "N23",
      "O23",
      "P23"
    ],
    [
      "A24",
      "B24",
      "C24",
      "D24",
      "E24",
      "F24",
      "G24",
      "H24",
      "I24",
      "J24",
      "K24",
      "L24",
      "M24",
      "N24",
      "O24",
      "P24"
    ]
  ],
  "brand": {
    "brand": "Applied Biosystems MicroAmp",
    "brandId": ["4309849", "4326270", "4343814"],
    "links": [
      "https://www.thermofisher.com/order/catalog/product/4309849#/4309849"
    ]
  },
  "metadata": {
    "displayName": "Applied Biosystems MicroAmp 384 Well Plate 40 µL",
    "displayCategory": "wellPlate",
    "displayVolumeUnits": "µL",
    "tags": []
  },
  "dimensions": {
    "xDimension": 127.8,
    "yDimension": 85.5,
    "zDimension": 9.7
  },
  "wells": {
    "A1": {
      "depth": 9.09,
      "totalLiquidVolume": 40,
      "shape": "circular",
      "diameter": 3.17,
      "x": 12.15,
      "y": 76.5,
      "z": 0.61
    },
    "B1": {
      "depth": 9.09,
      "totalLiquidVolume": 40,
      "shape": "circular",
      "diameter": 3.17,
      "x": 12.15,
      "y": 72,
      "z": 0.61
    },
    "C1": {
      "depth": 9.09,
      "totalLiquidVolume": 40,
      "shape": "circular",
      "diameter": 3.17,
      "x": 12.15,
      "y": 67.5,
      "z": 0.61
    },
    "D1": {
      "depth": 9.09,
      "totalLiquidVolume": 40,
      "shape": "circular",
      "diameter": 3.17,
      "x": 12.15,
      "y": 63,
      "z": 0.61
    },
    "E1": {
      "depth": 9.09,
      "totalLiquidVolume": 40,
      "shape": "circular",
      "diameter": 3.17,
      "x": 12.15,
      "y": 58.5,
      "z": 0.61
    },
    "F1": {
      "depth": 9.09,
      "totalLiquidVolume": 40,
      "shape": "circular",
      "diameter": 3.17,
      "x": 12.15,
      "y": 54,
      "z": 0.61
    },
    "G1": {
      "depth": 9.09,
      "totalLiquidVolume": 40,
      "shape": "circular",
      "diameter": 3.17,
      "x": 12.15,
      "y": 49.5,
      "z": 0.61
    },
    "H1": {
      "depth": 9.09,
      "totalLiquidVolume": 40,
      "shape": "circular",
      "diameter": 3.17,
      "x": 12.15,
      "y": 45,
      "z": 0.61
    },
    "I1": {
      "depth": 9.09,
      "totalLiquidVolume": 40,
      "shape": "circular",
      "diameter": 3.17,
      "x": 12.15,
      "y": 40.5,
      "z": 0.61
    },
    "J1": {
      "depth": 9.09,
      "totalLiquidVolume": 40,
      "shape": "circular",
      "diameter": 3.17,
      "x": 12.15,
      "y": 36,
      "z": 0.61
    },
    "K1": {
      "depth": 9.09,
      "totalLiquidVolume": 40,
      "shape": "circular",
      "diameter": 3.17,
      "x": 12.15,
      "y": 31.5,
      "z": 0.61
    },
    "L1": {
      "depth": 9.09,
      "totalLiquidVolume": 40,
      "shape": "circular",
      "diameter": 3.17,
      "x": 12.15,
      "y": 27,
      "z": 0.61
    },
    "M1": {
      "depth": 9.09,
      "totalLiquidVolume": 40,
      "shape": "circular",
      "diameter": 3.17,
      "x": 12.15,
      "y": 22.5,
      "z": 0.61
    },
    "N1": {
      "depth": 9.09,
      "totalLiquidVolume": 40,
      "shape": "circular",
      "diameter": 3.17,
      "x": 12.15,
      "y": 18,
      "z": 0.61
    },
    "O1": {
      "depth": 9.09,
      "totalLiquidVolume": 40,
      "shape": "circular",
      "diameter": 3.17,
      "x": 12.15,
      "y": 13.5,
      "z": 0.61
    },
    "P1": {
      "depth": 9.09,
      "totalLiquidVolume": 40,
      "shape": "circular",
      "diameter": 3.17,
      "x": 12.15,
      "y": 9,
      "z": 0.61
    },
    "A2": {
      "depth": 9.09,
      "totalLiquidVolume": 40,
      "shape": "circular",
      "diameter": 3.17,
      "x": 16.65,
      "y": 76.5,
      "z": 0.61
    },
    "B2": {
      "depth": 9.09,
      "totalLiquidVolume": 40,
      "shape": "circular",
      "diameter": 3.17,
      "x": 16.65,
      "y": 72,
      "z": 0.61
    },
    "C2": {
      "depth": 9.09,
      "totalLiquidVolume": 40,
      "shape": "circular",
      "diameter": 3.17,
      "x": 16.65,
      "y": 67.5,
      "z": 0.61
    },
    "D2": {
      "depth": 9.09,
      "totalLiquidVolume": 40,
      "shape": "circular",
      "diameter": 3.17,
      "x": 16.65,
      "y": 63,
      "z": 0.61
    },
    "E2": {
      "depth": 9.09,
      "totalLiquidVolume": 40,
      "shape": "circular",
      "diameter": 3.17,
      "x": 16.65,
      "y": 58.5,
      "z": 0.61
    },
    "F2": {
      "depth": 9.09,
      "totalLiquidVolume": 40,
      "shape": "circular",
      "diameter": 3.17,
      "x": 16.65,
      "y": 54,
      "z": 0.61
    },
    "G2": {
      "depth": 9.09,
      "totalLiquidVolume": 40,
      "shape": "circular",
      "diameter": 3.17,
      "x": 16.65,
      "y": 49.5,
      "z": 0.61
    },
    "H2": {
      "depth": 9.09,
      "totalLiquidVolume": 40,
      "shape": "circular",
      "diameter": 3.17,
      "x": 16.65,
      "y": 45,
      "z": 0.61
    },
    "I2": {
      "depth": 9.09,
      "totalLiquidVolume": 40,
      "shape": "circular",
      "diameter": 3.17,
      "x": 16.65,
      "y": 40.5,
      "z": 0.61
    },
    "J2": {
      "depth": 9.09,
      "totalLiquidVolume": 40,
      "shape": "circular",
      "diameter": 3.17,
      "x": 16.65,
      "y": 36,
      "z": 0.61
    },
    "K2": {
      "depth": 9.09,
      "totalLiquidVolume": 40,
      "shape": "circular",
      "diameter": 3.17,
      "x": 16.65,
      "y": 31.5,
      "z": 0.61
    },
    "L2": {
      "depth": 9.09,
      "totalLiquidVolume": 40,
      "shape": "circular",
      "diameter": 3.17,
      "x": 16.65,
      "y": 27,
      "z": 0.61
    },
    "M2": {
      "depth": 9.09,
      "totalLiquidVolume": 40,
      "shape": "circular",
      "diameter": 3.17,
      "x": 16.65,
      "y": 22.5,
      "z": 0.61
    },
    "N2": {
      "depth": 9.09,
      "totalLiquidVolume": 40,
      "shape": "circular",
      "diameter": 3.17,
      "x": 16.65,
      "y": 18,
      "z": 0.61
    },
    "O2": {
      "depth": 9.09,
      "totalLiquidVolume": 40,
      "shape": "circular",
      "diameter": 3.17,
      "x": 16.65,
      "y": 13.5,
      "z": 0.61
    },
    "P2": {
      "depth": 9.09,
      "totalLiquidVolume": 40,
      "shape": "circular",
      "diameter": 3.17,
      "x": 16.65,
      "y": 9,
      "z": 0.61
    },
    "A3": {
      "depth": 9.09,
      "totalLiquidVolume": 40,
      "shape": "circular",
      "diameter": 3.17,
      "x": 21.15,
      "y": 76.5,
      "z": 0.61
    },
    "B3": {
      "depth": 9.09,
      "totalLiquidVolume": 40,
      "shape": "circular",
      "diameter": 3.17,
      "x": 21.15,
      "y": 72,
      "z": 0.61
    },
    "C3": {
      "depth": 9.09,
      "totalLiquidVolume": 40,
      "shape": "circular",
      "diameter": 3.17,
      "x": 21.15,
      "y": 67.5,
      "z": 0.61
    },
    "D3": {
      "depth": 9.09,
      "totalLiquidVolume": 40,
      "shape": "circular",
      "diameter": 3.17,
      "x": 21.15,
      "y": 63,
      "z": 0.61
    },
    "E3": {
      "depth": 9.09,
      "totalLiquidVolume": 40,
      "shape": "circular",
      "diameter": 3.17,
      "x": 21.15,
      "y": 58.5,
      "z": 0.61
    },
    "F3": {
      "depth": 9.09,
      "totalLiquidVolume": 40,
      "shape": "circular",
      "diameter": 3.17,
      "x": 21.15,
      "y": 54,
      "z": 0.61
    },
    "G3": {
      "depth": 9.09,
      "totalLiquidVolume": 40,
      "shape": "circular",
      "diameter": 3.17,
      "x": 21.15,
      "y": 49.5,
      "z": 0.61
    },
    "H3": {
      "depth": 9.09,
      "totalLiquidVolume": 40,
      "shape": "circular",
      "diameter": 3.17,
      "x": 21.15,
      "y": 45,
      "z": 0.61
    },
    "I3": {
      "depth": 9.09,
      "totalLiquidVolume": 40,
      "shape": "circular",
      "diameter": 3.17,
      "x": 21.15,
      "y": 40.5,
      "z": 0.61
    },
    "J3": {
      "depth": 9.09,
      "totalLiquidVolume": 40,
      "shape": "circular",
      "diameter": 3.17,
      "x": 21.15,
      "y": 36,
      "z": 0.61
    },
    "K3": {
      "depth": 9.09,
      "totalLiquidVolume": 40,
      "shape": "circular",
      "diameter": 3.17,
      "x": 21.15,
      "y": 31.5,
      "z": 0.61
    },
    "L3": {
      "depth": 9.09,
      "totalLiquidVolume": 40,
      "shape": "circular",
      "diameter": 3.17,
      "x": 21.15,
      "y": 27,
      "z": 0.61
    },
    "M3": {
      "depth": 9.09,
      "totalLiquidVolume": 40,
      "shape": "circular",
      "diameter": 3.17,
      "x": 21.15,
      "y": 22.5,
      "z": 0.61
    },
    "N3": {
      "depth": 9.09,
      "totalLiquidVolume": 40,
      "shape": "circular",
      "diameter": 3.17,
      "x": 21.15,
      "y": 18,
      "z": 0.61
    },
    "O3": {
      "depth": 9.09,
      "totalLiquidVolume": 40,
      "shape": "circular",
      "diameter": 3.17,
      "x": 21.15,
      "y": 13.5,
      "z": 0.61
    },
    "P3": {
      "depth": 9.09,
      "totalLiquidVolume": 40,
      "shape": "circular",
      "diameter": 3.17,
      "x": 21.15,
      "y": 9,
      "z": 0.61
    },
    "A4": {
      "depth": 9.09,
      "totalLiquidVolume": 40,
      "shape": "circular",
      "diameter": 3.17,
      "x": 25.65,
      "y": 76.5,
      "z": 0.61
    },
    "B4": {
      "depth": 9.09,
      "totalLiquidVolume": 40,
      "shape": "circular",
      "diameter": 3.17,
      "x": 25.65,
      "y": 72,
      "z": 0.61
    },
    "C4": {
      "depth": 9.09,
      "totalLiquidVolume": 40,
      "shape": "circular",
      "diameter": 3.17,
      "x": 25.65,
      "y": 67.5,
      "z": 0.61
    },
    "D4": {
      "depth": 9.09,
      "totalLiquidVolume": 40,
      "shape": "circular",
      "diameter": 3.17,
      "x": 25.65,
      "y": 63,
      "z": 0.61
    },
    "E4": {
      "depth": 9.09,
      "totalLiquidVolume": 40,
      "shape": "circular",
      "diameter": 3.17,
      "x": 25.65,
      "y": 58.5,
      "z": 0.61
    },
    "F4": {
      "depth": 9.09,
      "totalLiquidVolume": 40,
      "shape": "circular",
      "diameter": 3.17,
      "x": 25.65,
      "y": 54,
      "z": 0.61
    },
    "G4": {
      "depth": 9.09,
      "totalLiquidVolume": 40,
      "shape": "circular",
      "diameter": 3.17,
      "x": 25.65,
      "y": 49.5,
      "z": 0.61
    },
    "H4": {
      "depth": 9.09,
      "totalLiquidVolume": 40,
      "shape": "circular",
      "diameter": 3.17,
      "x": 25.65,
      "y": 45,
      "z": 0.61
    },
    "I4": {
      "depth": 9.09,
      "totalLiquidVolume": 40,
      "shape": "circular",
      "diameter": 3.17,
      "x": 25.65,
      "y": 40.5,
      "z": 0.61
    },
    "J4": {
      "depth": 9.09,
      "totalLiquidVolume": 40,
      "shape": "circular",
      "diameter": 3.17,
      "x": 25.65,
      "y": 36,
      "z": 0.61
    },
    "K4": {
      "depth": 9.09,
      "totalLiquidVolume": 40,
      "shape": "circular",
      "diameter": 3.17,
      "x": 25.65,
      "y": 31.5,
      "z": 0.61
    },
    "L4": {
      "depth": 9.09,
      "totalLiquidVolume": 40,
      "shape": "circular",
      "diameter": 3.17,
      "x": 25.65,
      "y": 27,
      "z": 0.61
    },
    "M4": {
      "depth": 9.09,
      "totalLiquidVolume": 40,
      "shape": "circular",
      "diameter": 3.17,
      "x": 25.65,
      "y": 22.5,
      "z": 0.61
    },
    "N4": {
      "depth": 9.09,
      "totalLiquidVolume": 40,
      "shape": "circular",
      "diameter": 3.17,
      "x": 25.65,
      "y": 18,
      "z": 0.61
    },
    "O4": {
      "depth": 9.09,
      "totalLiquidVolume": 40,
      "shape": "circular",
      "diameter": 3.17,
      "x": 25.65,
      "y": 13.5,
      "z": 0.61
    },
    "P4": {
      "depth": 9.09,
      "totalLiquidVolume": 40,
      "shape": "circular",
      "diameter": 3.17,
      "x": 25.65,
      "y": 9,
      "z": 0.61
    },
    "A5": {
      "depth": 9.09,
      "totalLiquidVolume": 40,
      "shape": "circular",
      "diameter": 3.17,
      "x": 30.15,
      "y": 76.5,
      "z": 0.61
    },
    "B5": {
      "depth": 9.09,
      "totalLiquidVolume": 40,
      "shape": "circular",
      "diameter": 3.17,
      "x": 30.15,
      "y": 72,
      "z": 0.61
    },
    "C5": {
      "depth": 9.09,
      "totalLiquidVolume": 40,
      "shape": "circular",
      "diameter": 3.17,
      "x": 30.15,
      "y": 67.5,
      "z": 0.61
    },
    "D5": {
      "depth": 9.09,
      "totalLiquidVolume": 40,
      "shape": "circular",
      "diameter": 3.17,
      "x": 30.15,
      "y": 63,
      "z": 0.61
    },
    "E5": {
      "depth": 9.09,
      "totalLiquidVolume": 40,
      "shape": "circular",
      "diameter": 3.17,
      "x": 30.15,
      "y": 58.5,
      "z": 0.61
    },
    "F5": {
      "depth": 9.09,
      "totalLiquidVolume": 40,
      "shape": "circular",
      "diameter": 3.17,
      "x": 30.15,
      "y": 54,
      "z": 0.61
    },
    "G5": {
      "depth": 9.09,
      "totalLiquidVolume": 40,
      "shape": "circular",
      "diameter": 3.17,
      "x": 30.15,
      "y": 49.5,
      "z": 0.61
    },
    "H5": {
      "depth": 9.09,
      "totalLiquidVolume": 40,
      "shape": "circular",
      "diameter": 3.17,
      "x": 30.15,
      "y": 45,
      "z": 0.61
    },
    "I5": {
      "depth": 9.09,
      "totalLiquidVolume": 40,
      "shape": "circular",
      "diameter": 3.17,
      "x": 30.15,
      "y": 40.5,
      "z": 0.61
    },
    "J5": {
      "depth": 9.09,
      "totalLiquidVolume": 40,
      "shape": "circular",
      "diameter": 3.17,
      "x": 30.15,
      "y": 36,
      "z": 0.61
    },
    "K5": {
      "depth": 9.09,
      "totalLiquidVolume": 40,
      "shape": "circular",
      "diameter": 3.17,
      "x": 30.15,
      "y": 31.5,
      "z": 0.61
    },
    "L5": {
      "depth": 9.09,
      "totalLiquidVolume": 40,
      "shape": "circular",
      "diameter": 3.17,
      "x": 30.15,
      "y": 27,
      "z": 0.61
    },
    "M5": {
      "depth": 9.09,
      "totalLiquidVolume": 40,
      "shape": "circular",
      "diameter": 3.17,
      "x": 30.15,
      "y": 22.5,
      "z": 0.61
    },
    "N5": {
      "depth": 9.09,
      "totalLiquidVolume": 40,
      "shape": "circular",
      "diameter": 3.17,
      "x": 30.15,
      "y": 18,
      "z": 0.61
    },
    "O5": {
      "depth": 9.09,
      "totalLiquidVolume": 40,
      "shape": "circular",
      "diameter": 3.17,
      "x": 30.15,
      "y": 13.5,
      "z": 0.61
    },
    "P5": {
      "depth": 9.09,
      "totalLiquidVolume": 40,
      "shape": "circular",
      "diameter": 3.17,
      "x": 30.15,
      "y": 9,
      "z": 0.61
    },
    "A6": {
      "depth": 9.09,
      "totalLiquidVolume": 40,
      "shape": "circular",
      "diameter": 3.17,
      "x": 34.65,
      "y": 76.5,
      "z": 0.61
    },
    "B6": {
      "depth": 9.09,
      "totalLiquidVolume": 40,
      "shape": "circular",
      "diameter": 3.17,
      "x": 34.65,
      "y": 72,
      "z": 0.61
    },
    "C6": {
      "depth": 9.09,
      "totalLiquidVolume": 40,
      "shape": "circular",
      "diameter": 3.17,
      "x": 34.65,
      "y": 67.5,
      "z": 0.61
    },
    "D6": {
      "depth": 9.09,
      "totalLiquidVolume": 40,
      "shape": "circular",
      "diameter": 3.17,
      "x": 34.65,
      "y": 63,
      "z": 0.61
    },
    "E6": {
      "depth": 9.09,
      "totalLiquidVolume": 40,
      "shape": "circular",
      "diameter": 3.17,
      "x": 34.65,
      "y": 58.5,
      "z": 0.61
    },
    "F6": {
      "depth": 9.09,
      "totalLiquidVolume": 40,
      "shape": "circular",
      "diameter": 3.17,
      "x": 34.65,
      "y": 54,
      "z": 0.61
    },
    "G6": {
      "depth": 9.09,
      "totalLiquidVolume": 40,
      "shape": "circular",
      "diameter": 3.17,
      "x": 34.65,
      "y": 49.5,
      "z": 0.61
    },
    "H6": {
      "depth": 9.09,
      "totalLiquidVolume": 40,
      "shape": "circular",
      "diameter": 3.17,
      "x": 34.65,
      "y": 45,
      "z": 0.61
    },
    "I6": {
      "depth": 9.09,
      "totalLiquidVolume": 40,
      "shape": "circular",
      "diameter": 3.17,
      "x": 34.65,
      "y": 40.5,
      "z": 0.61
    },
    "J6": {
      "depth": 9.09,
      "totalLiquidVolume": 40,
      "shape": "circular",
      "diameter": 3.17,
      "x": 34.65,
      "y": 36,
      "z": 0.61
    },
    "K6": {
      "depth": 9.09,
      "totalLiquidVolume": 40,
      "shape": "circular",
      "diameter": 3.17,
      "x": 34.65,
      "y": 31.5,
      "z": 0.61
    },
    "L6": {
      "depth": 9.09,
      "totalLiquidVolume": 40,
      "shape": "circular",
      "diameter": 3.17,
      "x": 34.65,
      "y": 27,
      "z": 0.61
    },
    "M6": {
      "depth": 9.09,
      "totalLiquidVolume": 40,
      "shape": "circular",
      "diameter": 3.17,
      "x": 34.65,
      "y": 22.5,
      "z": 0.61
    },
    "N6": {
      "depth": 9.09,
      "totalLiquidVolume": 40,
      "shape": "circular",
      "diameter": 3.17,
      "x": 34.65,
      "y": 18,
      "z": 0.61
    },
    "O6": {
      "depth": 9.09,
      "totalLiquidVolume": 40,
      "shape": "circular",
      "diameter": 3.17,
      "x": 34.65,
      "y": 13.5,
      "z": 0.61
    },
    "P6": {
      "depth": 9.09,
      "totalLiquidVolume": 40,
      "shape": "circular",
      "diameter": 3.17,
      "x": 34.65,
      "y": 9,
      "z": 0.61
    },
    "A7": {
      "depth": 9.09,
      "totalLiquidVolume": 40,
      "shape": "circular",
      "diameter": 3.17,
      "x": 39.15,
      "y": 76.5,
      "z": 0.61
    },
    "B7": {
      "depth": 9.09,
      "totalLiquidVolume": 40,
      "shape": "circular",
      "diameter": 3.17,
      "x": 39.15,
      "y": 72,
      "z": 0.61
    },
    "C7": {
      "depth": 9.09,
      "totalLiquidVolume": 40,
      "shape": "circular",
      "diameter": 3.17,
      "x": 39.15,
      "y": 67.5,
      "z": 0.61
    },
    "D7": {
      "depth": 9.09,
      "totalLiquidVolume": 40,
      "shape": "circular",
      "diameter": 3.17,
      "x": 39.15,
      "y": 63,
      "z": 0.61
    },
    "E7": {
      "depth": 9.09,
      "totalLiquidVolume": 40,
      "shape": "circular",
      "diameter": 3.17,
      "x": 39.15,
      "y": 58.5,
      "z": 0.61
    },
    "F7": {
      "depth": 9.09,
      "totalLiquidVolume": 40,
      "shape": "circular",
      "diameter": 3.17,
      "x": 39.15,
      "y": 54,
      "z": 0.61
    },
    "G7": {
      "depth": 9.09,
      "totalLiquidVolume": 40,
      "shape": "circular",
      "diameter": 3.17,
      "x": 39.15,
      "y": 49.5,
      "z": 0.61
    },
    "H7": {
      "depth": 9.09,
      "totalLiquidVolume": 40,
      "shape": "circular",
      "diameter": 3.17,
      "x": 39.15,
      "y": 45,
      "z": 0.61
    },
    "I7": {
      "depth": 9.09,
      "totalLiquidVolume": 40,
      "shape": "circular",
      "diameter": 3.17,
      "x": 39.15,
      "y": 40.5,
      "z": 0.61
    },
    "J7": {
      "depth": 9.09,
      "totalLiquidVolume": 40,
      "shape": "circular",
      "diameter": 3.17,
      "x": 39.15,
      "y": 36,
      "z": 0.61
    },
    "K7": {
      "depth": 9.09,
      "totalLiquidVolume": 40,
      "shape": "circular",
      "diameter": 3.17,
      "x": 39.15,
      "y": 31.5,
      "z": 0.61
    },
    "L7": {
      "depth": 9.09,
      "totalLiquidVolume": 40,
      "shape": "circular",
      "diameter": 3.17,
      "x": 39.15,
      "y": 27,
      "z": 0.61
    },
    "M7": {
      "depth": 9.09,
      "totalLiquidVolume": 40,
      "shape": "circular",
      "diameter": 3.17,
      "x": 39.15,
      "y": 22.5,
      "z": 0.61
    },
    "N7": {
      "depth": 9.09,
      "totalLiquidVolume": 40,
      "shape": "circular",
      "diameter": 3.17,
      "x": 39.15,
      "y": 18,
      "z": 0.61
    },
    "O7": {
      "depth": 9.09,
      "totalLiquidVolume": 40,
      "shape": "circular",
      "diameter": 3.17,
      "x": 39.15,
      "y": 13.5,
      "z": 0.61
    },
    "P7": {
      "depth": 9.09,
      "totalLiquidVolume": 40,
      "shape": "circular",
      "diameter": 3.17,
      "x": 39.15,
      "y": 9,
      "z": 0.61
    },
    "A8": {
      "depth": 9.09,
      "totalLiquidVolume": 40,
      "shape": "circular",
      "diameter": 3.17,
      "x": 43.65,
      "y": 76.5,
      "z": 0.61
    },
    "B8": {
      "depth": 9.09,
      "totalLiquidVolume": 40,
      "shape": "circular",
      "diameter": 3.17,
      "x": 43.65,
      "y": 72,
      "z": 0.61
    },
    "C8": {
      "depth": 9.09,
      "totalLiquidVolume": 40,
      "shape": "circular",
      "diameter": 3.17,
      "x": 43.65,
      "y": 67.5,
      "z": 0.61
    },
    "D8": {
      "depth": 9.09,
      "totalLiquidVolume": 40,
      "shape": "circular",
      "diameter": 3.17,
      "x": 43.65,
      "y": 63,
      "z": 0.61
    },
    "E8": {
      "depth": 9.09,
      "totalLiquidVolume": 40,
      "shape": "circular",
      "diameter": 3.17,
      "x": 43.65,
      "y": 58.5,
      "z": 0.61
    },
    "F8": {
      "depth": 9.09,
      "totalLiquidVolume": 40,
      "shape": "circular",
      "diameter": 3.17,
      "x": 43.65,
      "y": 54,
      "z": 0.61
    },
    "G8": {
      "depth": 9.09,
      "totalLiquidVolume": 40,
      "shape": "circular",
      "diameter": 3.17,
      "x": 43.65,
      "y": 49.5,
      "z": 0.61
    },
    "H8": {
      "depth": 9.09,
      "totalLiquidVolume": 40,
      "shape": "circular",
      "diameter": 3.17,
      "x": 43.65,
      "y": 45,
      "z": 0.61
    },
    "I8": {
      "depth": 9.09,
      "totalLiquidVolume": 40,
      "shape": "circular",
      "diameter": 3.17,
      "x": 43.65,
      "y": 40.5,
      "z": 0.61
    },
    "J8": {
      "depth": 9.09,
      "totalLiquidVolume": 40,
      "shape": "circular",
      "diameter": 3.17,
      "x": 43.65,
      "y": 36,
      "z": 0.61
    },
    "K8": {
      "depth": 9.09,
      "totalLiquidVolume": 40,
      "shape": "circular",
      "diameter": 3.17,
      "x": 43.65,
      "y": 31.5,
      "z": 0.61
    },
    "L8": {
      "depth": 9.09,
      "totalLiquidVolume": 40,
      "shape": "circular",
      "diameter": 3.17,
      "x": 43.65,
      "y": 27,
      "z": 0.61
    },
    "M8": {
      "depth": 9.09,
      "totalLiquidVolume": 40,
      "shape": "circular",
      "diameter": 3.17,
      "x": 43.65,
      "y": 22.5,
      "z": 0.61
    },
    "N8": {
      "depth": 9.09,
      "totalLiquidVolume": 40,
      "shape": "circular",
      "diameter": 3.17,
      "x": 43.65,
      "y": 18,
      "z": 0.61
    },
    "O8": {
      "depth": 9.09,
      "totalLiquidVolume": 40,
      "shape": "circular",
      "diameter": 3.17,
      "x": 43.65,
      "y": 13.5,
      "z": 0.61
    },
    "P8": {
      "depth": 9.09,
      "totalLiquidVolume": 40,
      "shape": "circular",
      "diameter": 3.17,
      "x": 43.65,
      "y": 9,
      "z": 0.61
    },
    "A9": {
      "depth": 9.09,
      "totalLiquidVolume": 40,
      "shape": "circular",
      "diameter": 3.17,
      "x": 48.15,
      "y": 76.5,
      "z": 0.61
    },
    "B9": {
      "depth": 9.09,
      "totalLiquidVolume": 40,
      "shape": "circular",
      "diameter": 3.17,
      "x": 48.15,
      "y": 72,
      "z": 0.61
    },
    "C9": {
      "depth": 9.09,
      "totalLiquidVolume": 40,
      "shape": "circular",
      "diameter": 3.17,
      "x": 48.15,
      "y": 67.5,
      "z": 0.61
    },
    "D9": {
      "depth": 9.09,
      "totalLiquidVolume": 40,
      "shape": "circular",
      "diameter": 3.17,
      "x": 48.15,
      "y": 63,
      "z": 0.61
    },
    "E9": {
      "depth": 9.09,
      "totalLiquidVolume": 40,
      "shape": "circular",
      "diameter": 3.17,
      "x": 48.15,
      "y": 58.5,
      "z": 0.61
    },
    "F9": {
      "depth": 9.09,
      "totalLiquidVolume": 40,
      "shape": "circular",
      "diameter": 3.17,
      "x": 48.15,
      "y": 54,
      "z": 0.61
    },
    "G9": {
      "depth": 9.09,
      "totalLiquidVolume": 40,
      "shape": "circular",
      "diameter": 3.17,
      "x": 48.15,
      "y": 49.5,
      "z": 0.61
    },
    "H9": {
      "depth": 9.09,
      "totalLiquidVolume": 40,
      "shape": "circular",
      "diameter": 3.17,
      "x": 48.15,
      "y": 45,
      "z": 0.61
    },
    "I9": {
      "depth": 9.09,
      "totalLiquidVolume": 40,
      "shape": "circular",
      "diameter": 3.17,
      "x": 48.15,
      "y": 40.5,
      "z": 0.61
    },
    "J9": {
      "depth": 9.09,
      "totalLiquidVolume": 40,
      "shape": "circular",
      "diameter": 3.17,
      "x": 48.15,
      "y": 36,
      "z": 0.61
    },
    "K9": {
      "depth": 9.09,
      "totalLiquidVolume": 40,
      "shape": "circular",
      "diameter": 3.17,
      "x": 48.15,
      "y": 31.5,
      "z": 0.61
    },
    "L9": {
      "depth": 9.09,
      "totalLiquidVolume": 40,
      "shape": "circular",
      "diameter": 3.17,
      "x": 48.15,
      "y": 27,
      "z": 0.61
    },
    "M9": {
      "depth": 9.09,
      "totalLiquidVolume": 40,
      "shape": "circular",
      "diameter": 3.17,
      "x": 48.15,
      "y": 22.5,
      "z": 0.61
    },
    "N9": {
      "depth": 9.09,
      "totalLiquidVolume": 40,
      "shape": "circular",
      "diameter": 3.17,
      "x": 48.15,
      "y": 18,
      "z": 0.61
    },
    "O9": {
      "depth": 9.09,
      "totalLiquidVolume": 40,
      "shape": "circular",
      "diameter": 3.17,
      "x": 48.15,
      "y": 13.5,
      "z": 0.61
    },
    "P9": {
      "depth": 9.09,
      "totalLiquidVolume": 40,
      "shape": "circular",
      "diameter": 3.17,
      "x": 48.15,
      "y": 9,
      "z": 0.61
    },
    "A10": {
      "depth": 9.09,
      "totalLiquidVolume": 40,
      "shape": "circular",
      "diameter": 3.17,
      "x": 52.65,
      "y": 76.5,
      "z": 0.61
    },
    "B10": {
      "depth": 9.09,
      "totalLiquidVolume": 40,
      "shape": "circular",
      "diameter": 3.17,
      "x": 52.65,
      "y": 72,
      "z": 0.61
    },
    "C10": {
      "depth": 9.09,
      "totalLiquidVolume": 40,
      "shape": "circular",
      "diameter": 3.17,
      "x": 52.65,
      "y": 67.5,
      "z": 0.61
    },
    "D10": {
      "depth": 9.09,
      "totalLiquidVolume": 40,
      "shape": "circular",
      "diameter": 3.17,
      "x": 52.65,
      "y": 63,
      "z": 0.61
    },
    "E10": {
      "depth": 9.09,
      "totalLiquidVolume": 40,
      "shape": "circular",
      "diameter": 3.17,
      "x": 52.65,
      "y": 58.5,
      "z": 0.61
    },
    "F10": {
      "depth": 9.09,
      "totalLiquidVolume": 40,
      "shape": "circular",
      "diameter": 3.17,
      "x": 52.65,
      "y": 54,
      "z": 0.61
    },
    "G10": {
      "depth": 9.09,
      "totalLiquidVolume": 40,
      "shape": "circular",
      "diameter": 3.17,
      "x": 52.65,
      "y": 49.5,
      "z": 0.61
    },
    "H10": {
      "depth": 9.09,
      "totalLiquidVolume": 40,
      "shape": "circular",
      "diameter": 3.17,
      "x": 52.65,
      "y": 45,
      "z": 0.61
    },
    "I10": {
      "depth": 9.09,
      "totalLiquidVolume": 40,
      "shape": "circular",
      "diameter": 3.17,
      "x": 52.65,
      "y": 40.5,
      "z": 0.61
    },
    "J10": {
      "depth": 9.09,
      "totalLiquidVolume": 40,
      "shape": "circular",
      "diameter": 3.17,
      "x": 52.65,
      "y": 36,
      "z": 0.61
    },
    "K10": {
      "depth": 9.09,
      "totalLiquidVolume": 40,
      "shape": "circular",
      "diameter": 3.17,
      "x": 52.65,
      "y": 31.5,
      "z": 0.61
    },
    "L10": {
      "depth": 9.09,
      "totalLiquidVolume": 40,
      "shape": "circular",
      "diameter": 3.17,
      "x": 52.65,
      "y": 27,
      "z": 0.61
    },
    "M10": {
      "depth": 9.09,
      "totalLiquidVolume": 40,
      "shape": "circular",
      "diameter": 3.17,
      "x": 52.65,
      "y": 22.5,
      "z": 0.61
    },
    "N10": {
      "depth": 9.09,
      "totalLiquidVolume": 40,
      "shape": "circular",
      "diameter": 3.17,
      "x": 52.65,
      "y": 18,
      "z": 0.61
    },
    "O10": {
      "depth": 9.09,
      "totalLiquidVolume": 40,
      "shape": "circular",
      "diameter": 3.17,
      "x": 52.65,
      "y": 13.5,
      "z": 0.61
    },
    "P10": {
      "depth": 9.09,
      "totalLiquidVolume": 40,
      "shape": "circular",
      "diameter": 3.17,
      "x": 52.65,
      "y": 9,
      "z": 0.61
    },
    "A11": {
      "depth": 9.09,
      "totalLiquidVolume": 40,
      "shape": "circular",
      "diameter": 3.17,
      "x": 57.15,
      "y": 76.5,
      "z": 0.61
    },
    "B11": {
      "depth": 9.09,
      "totalLiquidVolume": 40,
      "shape": "circular",
      "diameter": 3.17,
      "x": 57.15,
      "y": 72,
      "z": 0.61
    },
    "C11": {
      "depth": 9.09,
      "totalLiquidVolume": 40,
      "shape": "circular",
      "diameter": 3.17,
      "x": 57.15,
      "y": 67.5,
      "z": 0.61
    },
    "D11": {
      "depth": 9.09,
      "totalLiquidVolume": 40,
      "shape": "circular",
      "diameter": 3.17,
      "x": 57.15,
      "y": 63,
      "z": 0.61
    },
    "E11": {
      "depth": 9.09,
      "totalLiquidVolume": 40,
      "shape": "circular",
      "diameter": 3.17,
      "x": 57.15,
      "y": 58.5,
      "z": 0.61
    },
    "F11": {
      "depth": 9.09,
      "totalLiquidVolume": 40,
      "shape": "circular",
      "diameter": 3.17,
      "x": 57.15,
      "y": 54,
      "z": 0.61
    },
    "G11": {
      "depth": 9.09,
      "totalLiquidVolume": 40,
      "shape": "circular",
      "diameter": 3.17,
      "x": 57.15,
      "y": 49.5,
      "z": 0.61
    },
    "H11": {
      "depth": 9.09,
      "totalLiquidVolume": 40,
      "shape": "circular",
      "diameter": 3.17,
      "x": 57.15,
      "y": 45,
      "z": 0.61
    },
    "I11": {
      "depth": 9.09,
      "totalLiquidVolume": 40,
      "shape": "circular",
      "diameter": 3.17,
      "x": 57.15,
      "y": 40.5,
      "z": 0.61
    },
    "J11": {
      "depth": 9.09,
      "totalLiquidVolume": 40,
      "shape": "circular",
      "diameter": 3.17,
      "x": 57.15,
      "y": 36,
      "z": 0.61
    },
    "K11": {
      "depth": 9.09,
      "totalLiquidVolume": 40,
      "shape": "circular",
      "diameter": 3.17,
      "x": 57.15,
      "y": 31.5,
      "z": 0.61
    },
    "L11": {
      "depth": 9.09,
      "totalLiquidVolume": 40,
      "shape": "circular",
      "diameter": 3.17,
      "x": 57.15,
      "y": 27,
      "z": 0.61
    },
    "M11": {
      "depth": 9.09,
      "totalLiquidVolume": 40,
      "shape": "circular",
      "diameter": 3.17,
      "x": 57.15,
      "y": 22.5,
      "z": 0.61
    },
    "N11": {
      "depth": 9.09,
      "totalLiquidVolume": 40,
      "shape": "circular",
      "diameter": 3.17,
      "x": 57.15,
      "y": 18,
      "z": 0.61
    },
    "O11": {
      "depth": 9.09,
      "totalLiquidVolume": 40,
      "shape": "circular",
      "diameter": 3.17,
      "x": 57.15,
      "y": 13.5,
      "z": 0.61
    },
    "P11": {
      "depth": 9.09,
      "totalLiquidVolume": 40,
      "shape": "circular",
      "diameter": 3.17,
      "x": 57.15,
      "y": 9,
      "z": 0.61
    },
    "A12": {
      "depth": 9.09,
      "totalLiquidVolume": 40,
      "shape": "circular",
      "diameter": 3.17,
      "x": 61.65,
      "y": 76.5,
      "z": 0.61
    },
    "B12": {
      "depth": 9.09,
      "totalLiquidVolume": 40,
      "shape": "circular",
      "diameter": 3.17,
      "x": 61.65,
      "y": 72,
      "z": 0.61
    },
    "C12": {
      "depth": 9.09,
      "totalLiquidVolume": 40,
      "shape": "circular",
      "diameter": 3.17,
      "x": 61.65,
      "y": 67.5,
      "z": 0.61
    },
    "D12": {
      "depth": 9.09,
      "totalLiquidVolume": 40,
      "shape": "circular",
      "diameter": 3.17,
      "x": 61.65,
      "y": 63,
      "z": 0.61
    },
    "E12": {
      "depth": 9.09,
      "totalLiquidVolume": 40,
      "shape": "circular",
      "diameter": 3.17,
      "x": 61.65,
      "y": 58.5,
      "z": 0.61
    },
    "F12": {
      "depth": 9.09,
      "totalLiquidVolume": 40,
      "shape": "circular",
      "diameter": 3.17,
      "x": 61.65,
      "y": 54,
      "z": 0.61
    },
    "G12": {
      "depth": 9.09,
      "totalLiquidVolume": 40,
      "shape": "circular",
      "diameter": 3.17,
      "x": 61.65,
      "y": 49.5,
      "z": 0.61
    },
    "H12": {
      "depth": 9.09,
      "totalLiquidVolume": 40,
      "shape": "circular",
      "diameter": 3.17,
      "x": 61.65,
      "y": 45,
      "z": 0.61
    },
    "I12": {
      "depth": 9.09,
      "totalLiquidVolume": 40,
      "shape": "circular",
      "diameter": 3.17,
      "x": 61.65,
      "y": 40.5,
      "z": 0.61
    },
    "J12": {
      "depth": 9.09,
      "totalLiquidVolume": 40,
      "shape": "circular",
      "diameter": 3.17,
      "x": 61.65,
      "y": 36,
      "z": 0.61
    },
    "K12": {
      "depth": 9.09,
      "totalLiquidVolume": 40,
      "shape": "circular",
      "diameter": 3.17,
      "x": 61.65,
      "y": 31.5,
      "z": 0.61
    },
    "L12": {
      "depth": 9.09,
      "totalLiquidVolume": 40,
      "shape": "circular",
      "diameter": 3.17,
      "x": 61.65,
      "y": 27,
      "z": 0.61
    },
    "M12": {
      "depth": 9.09,
      "totalLiquidVolume": 40,
      "shape": "circular",
      "diameter": 3.17,
      "x": 61.65,
      "y": 22.5,
      "z": 0.61
    },
    "N12": {
      "depth": 9.09,
      "totalLiquidVolume": 40,
      "shape": "circular",
      "diameter": 3.17,
      "x": 61.65,
      "y": 18,
      "z": 0.61
    },
    "O12": {
      "depth": 9.09,
      "totalLiquidVolume": 40,
      "shape": "circular",
      "diameter": 3.17,
      "x": 61.65,
      "y": 13.5,
      "z": 0.61
    },
    "P12": {
      "depth": 9.09,
      "totalLiquidVolume": 40,
      "shape": "circular",
      "diameter": 3.17,
      "x": 61.65,
      "y": 9,
      "z": 0.61
    },
    "A13": {
      "depth": 9.09,
      "totalLiquidVolume": 40,
      "shape": "circular",
      "diameter": 3.17,
      "x": 66.15,
      "y": 76.5,
      "z": 0.61
    },
    "B13": {
      "depth": 9.09,
      "totalLiquidVolume": 40,
      "shape": "circular",
      "diameter": 3.17,
      "x": 66.15,
      "y": 72,
      "z": 0.61
    },
    "C13": {
      "depth": 9.09,
      "totalLiquidVolume": 40,
      "shape": "circular",
      "diameter": 3.17,
      "x": 66.15,
      "y": 67.5,
      "z": 0.61
    },
    "D13": {
      "depth": 9.09,
      "totalLiquidVolume": 40,
      "shape": "circular",
      "diameter": 3.17,
      "x": 66.15,
      "y": 63,
      "z": 0.61
    },
    "E13": {
      "depth": 9.09,
      "totalLiquidVolume": 40,
      "shape": "circular",
      "diameter": 3.17,
      "x": 66.15,
      "y": 58.5,
      "z": 0.61
    },
    "F13": {
      "depth": 9.09,
      "totalLiquidVolume": 40,
      "shape": "circular",
      "diameter": 3.17,
      "x": 66.15,
      "y": 54,
      "z": 0.61
    },
    "G13": {
      "depth": 9.09,
      "totalLiquidVolume": 40,
      "shape": "circular",
      "diameter": 3.17,
      "x": 66.15,
      "y": 49.5,
      "z": 0.61
    },
    "H13": {
      "depth": 9.09,
      "totalLiquidVolume": 40,
      "shape": "circular",
      "diameter": 3.17,
      "x": 66.15,
      "y": 45,
      "z": 0.61
    },
    "I13": {
      "depth": 9.09,
      "totalLiquidVolume": 40,
      "shape": "circular",
      "diameter": 3.17,
      "x": 66.15,
      "y": 40.5,
      "z": 0.61
    },
    "J13": {
      "depth": 9.09,
      "totalLiquidVolume": 40,
      "shape": "circular",
      "diameter": 3.17,
      "x": 66.15,
      "y": 36,
      "z": 0.61
    },
    "K13": {
      "depth": 9.09,
      "totalLiquidVolume": 40,
      "shape": "circular",
      "diameter": 3.17,
      "x": 66.15,
      "y": 31.5,
      "z": 0.61
    },
    "L13": {
      "depth": 9.09,
      "totalLiquidVolume": 40,
      "shape": "circular",
      "diameter": 3.17,
      "x": 66.15,
      "y": 27,
      "z": 0.61
    },
    "M13": {
      "depth": 9.09,
      "totalLiquidVolume": 40,
      "shape": "circular",
      "diameter": 3.17,
      "x": 66.15,
      "y": 22.5,
      "z": 0.61
    },
    "N13": {
      "depth": 9.09,
      "totalLiquidVolume": 40,
      "shape": "circular",
      "diameter": 3.17,
      "x": 66.15,
      "y": 18,
      "z": 0.61
    },
    "O13": {
      "depth": 9.09,
      "totalLiquidVolume": 40,
      "shape": "circular",
      "diameter": 3.17,
      "x": 66.15,
      "y": 13.5,
      "z": 0.61
    },
    "P13": {
      "depth": 9.09,
      "totalLiquidVolume": 40,
      "shape": "circular",
      "diameter": 3.17,
      "x": 66.15,
      "y": 9,
      "z": 0.61
    },
    "A14": {
      "depth": 9.09,
      "totalLiquidVolume": 40,
      "shape": "circular",
      "diameter": 3.17,
      "x": 70.65,
      "y": 76.5,
      "z": 0.61
    },
    "B14": {
      "depth": 9.09,
      "totalLiquidVolume": 40,
      "shape": "circular",
      "diameter": 3.17,
      "x": 70.65,
      "y": 72,
      "z": 0.61
    },
    "C14": {
      "depth": 9.09,
      "totalLiquidVolume": 40,
      "shape": "circular",
      "diameter": 3.17,
      "x": 70.65,
      "y": 67.5,
      "z": 0.61
    },
    "D14": {
      "depth": 9.09,
      "totalLiquidVolume": 40,
      "shape": "circular",
      "diameter": 3.17,
      "x": 70.65,
      "y": 63,
      "z": 0.61
    },
    "E14": {
      "depth": 9.09,
      "totalLiquidVolume": 40,
      "shape": "circular",
      "diameter": 3.17,
      "x": 70.65,
      "y": 58.5,
      "z": 0.61
    },
    "F14": {
      "depth": 9.09,
      "totalLiquidVolume": 40,
      "shape": "circular",
      "diameter": 3.17,
      "x": 70.65,
      "y": 54,
      "z": 0.61
    },
    "G14": {
      "depth": 9.09,
      "totalLiquidVolume": 40,
      "shape": "circular",
      "diameter": 3.17,
      "x": 70.65,
      "y": 49.5,
      "z": 0.61
    },
    "H14": {
      "depth": 9.09,
      "totalLiquidVolume": 40,
      "shape": "circular",
      "diameter": 3.17,
      "x": 70.65,
      "y": 45,
      "z": 0.61
    },
    "I14": {
      "depth": 9.09,
      "totalLiquidVolume": 40,
      "shape": "circular",
      "diameter": 3.17,
      "x": 70.65,
      "y": 40.5,
      "z": 0.61
    },
    "J14": {
      "depth": 9.09,
      "totalLiquidVolume": 40,
      "shape": "circular",
      "diameter": 3.17,
      "x": 70.65,
      "y": 36,
      "z": 0.61
    },
    "K14": {
      "depth": 9.09,
      "totalLiquidVolume": 40,
      "shape": "circular",
      "diameter": 3.17,
      "x": 70.65,
      "y": 31.5,
      "z": 0.61
    },
    "L14": {
      "depth": 9.09,
      "totalLiquidVolume": 40,
      "shape": "circular",
      "diameter": 3.17,
      "x": 70.65,
      "y": 27,
      "z": 0.61
    },
    "M14": {
      "depth": 9.09,
      "totalLiquidVolume": 40,
      "shape": "circular",
      "diameter": 3.17,
      "x": 70.65,
      "y": 22.5,
      "z": 0.61
    },
    "N14": {
      "depth": 9.09,
      "totalLiquidVolume": 40,
      "shape": "circular",
      "diameter": 3.17,
      "x": 70.65,
      "y": 18,
      "z": 0.61
    },
    "O14": {
      "depth": 9.09,
      "totalLiquidVolume": 40,
      "shape": "circular",
      "diameter": 3.17,
      "x": 70.65,
      "y": 13.5,
      "z": 0.61
    },
    "P14": {
      "depth": 9.09,
      "totalLiquidVolume": 40,
      "shape": "circular",
      "diameter": 3.17,
      "x": 70.65,
      "y": 9,
      "z": 0.61
    },
    "A15": {
      "depth": 9.09,
      "totalLiquidVolume": 40,
      "shape": "circular",
      "diameter": 3.17,
      "x": 75.15,
      "y": 76.5,
      "z": 0.61
    },
    "B15": {
      "depth": 9.09,
      "totalLiquidVolume": 40,
      "shape": "circular",
      "diameter": 3.17,
      "x": 75.15,
      "y": 72,
      "z": 0.61
    },
    "C15": {
      "depth": 9.09,
      "totalLiquidVolume": 40,
      "shape": "circular",
      "diameter": 3.17,
      "x": 75.15,
      "y": 67.5,
      "z": 0.61
    },
    "D15": {
      "depth": 9.09,
      "totalLiquidVolume": 40,
      "shape": "circular",
      "diameter": 3.17,
      "x": 75.15,
      "y": 63,
      "z": 0.61
    },
    "E15": {
      "depth": 9.09,
      "totalLiquidVolume": 40,
      "shape": "circular",
      "diameter": 3.17,
      "x": 75.15,
      "y": 58.5,
      "z": 0.61
    },
    "F15": {
      "depth": 9.09,
      "totalLiquidVolume": 40,
      "shape": "circular",
      "diameter": 3.17,
      "x": 75.15,
      "y": 54,
      "z": 0.61
    },
    "G15": {
      "depth": 9.09,
      "totalLiquidVolume": 40,
      "shape": "circular",
      "diameter": 3.17,
      "x": 75.15,
      "y": 49.5,
      "z": 0.61
    },
    "H15": {
      "depth": 9.09,
      "totalLiquidVolume": 40,
      "shape": "circular",
      "diameter": 3.17,
      "x": 75.15,
      "y": 45,
      "z": 0.61
    },
    "I15": {
      "depth": 9.09,
      "totalLiquidVolume": 40,
      "shape": "circular",
      "diameter": 3.17,
      "x": 75.15,
      "y": 40.5,
      "z": 0.61
    },
    "J15": {
      "depth": 9.09,
      "totalLiquidVolume": 40,
      "shape": "circular",
      "diameter": 3.17,
      "x": 75.15,
      "y": 36,
      "z": 0.61
    },
    "K15": {
      "depth": 9.09,
      "totalLiquidVolume": 40,
      "shape": "circular",
      "diameter": 3.17,
      "x": 75.15,
      "y": 31.5,
      "z": 0.61
    },
    "L15": {
      "depth": 9.09,
      "totalLiquidVolume": 40,
      "shape": "circular",
      "diameter": 3.17,
      "x": 75.15,
      "y": 27,
      "z": 0.61
    },
    "M15": {
      "depth": 9.09,
      "totalLiquidVolume": 40,
      "shape": "circular",
      "diameter": 3.17,
      "x": 75.15,
      "y": 22.5,
      "z": 0.61
    },
    "N15": {
      "depth": 9.09,
      "totalLiquidVolume": 40,
      "shape": "circular",
      "diameter": 3.17,
      "x": 75.15,
      "y": 18,
      "z": 0.61
    },
    "O15": {
      "depth": 9.09,
      "totalLiquidVolume": 40,
      "shape": "circular",
      "diameter": 3.17,
      "x": 75.15,
      "y": 13.5,
      "z": 0.61
    },
    "P15": {
      "depth": 9.09,
      "totalLiquidVolume": 40,
      "shape": "circular",
      "diameter": 3.17,
      "x": 75.15,
      "y": 9,
      "z": 0.61
    },
    "A16": {
      "depth": 9.09,
      "totalLiquidVolume": 40,
      "shape": "circular",
      "diameter": 3.17,
      "x": 79.65,
      "y": 76.5,
      "z": 0.61
    },
    "B16": {
      "depth": 9.09,
      "totalLiquidVolume": 40,
      "shape": "circular",
      "diameter": 3.17,
      "x": 79.65,
      "y": 72,
      "z": 0.61
    },
    "C16": {
      "depth": 9.09,
      "totalLiquidVolume": 40,
      "shape": "circular",
      "diameter": 3.17,
      "x": 79.65,
      "y": 67.5,
      "z": 0.61
    },
    "D16": {
      "depth": 9.09,
      "totalLiquidVolume": 40,
      "shape": "circular",
      "diameter": 3.17,
      "x": 79.65,
      "y": 63,
      "z": 0.61
    },
    "E16": {
      "depth": 9.09,
      "totalLiquidVolume": 40,
      "shape": "circular",
      "diameter": 3.17,
      "x": 79.65,
      "y": 58.5,
      "z": 0.61
    },
    "F16": {
      "depth": 9.09,
      "totalLiquidVolume": 40,
      "shape": "circular",
      "diameter": 3.17,
      "x": 79.65,
      "y": 54,
      "z": 0.61
    },
    "G16": {
      "depth": 9.09,
      "totalLiquidVolume": 40,
      "shape": "circular",
      "diameter": 3.17,
      "x": 79.65,
      "y": 49.5,
      "z": 0.61
    },
    "H16": {
      "depth": 9.09,
      "totalLiquidVolume": 40,
      "shape": "circular",
      "diameter": 3.17,
      "x": 79.65,
      "y": 45,
      "z": 0.61
    },
    "I16": {
      "depth": 9.09,
      "totalLiquidVolume": 40,
      "shape": "circular",
      "diameter": 3.17,
      "x": 79.65,
      "y": 40.5,
      "z": 0.61
    },
    "J16": {
      "depth": 9.09,
      "totalLiquidVolume": 40,
      "shape": "circular",
      "diameter": 3.17,
      "x": 79.65,
      "y": 36,
      "z": 0.61
    },
    "K16": {
      "depth": 9.09,
      "totalLiquidVolume": 40,
      "shape": "circular",
      "diameter": 3.17,
      "x": 79.65,
      "y": 31.5,
      "z": 0.61
    },
    "L16": {
      "depth": 9.09,
      "totalLiquidVolume": 40,
      "shape": "circular",
      "diameter": 3.17,
      "x": 79.65,
      "y": 27,
      "z": 0.61
    },
    "M16": {
      "depth": 9.09,
      "totalLiquidVolume": 40,
      "shape": "circular",
      "diameter": 3.17,
      "x": 79.65,
      "y": 22.5,
      "z": 0.61
    },
    "N16": {
      "depth": 9.09,
      "totalLiquidVolume": 40,
      "shape": "circular",
      "diameter": 3.17,
      "x": 79.65,
      "y": 18,
      "z": 0.61
    },
    "O16": {
      "depth": 9.09,
      "totalLiquidVolume": 40,
      "shape": "circular",
      "diameter": 3.17,
      "x": 79.65,
      "y": 13.5,
      "z": 0.61
    },
    "P16": {
      "depth": 9.09,
      "totalLiquidVolume": 40,
      "shape": "circular",
      "diameter": 3.17,
      "x": 79.65,
      "y": 9,
      "z": 0.61
    },
    "A17": {
      "depth": 9.09,
      "totalLiquidVolume": 40,
      "shape": "circular",
      "diameter": 3.17,
      "x": 84.15,
      "y": 76.5,
      "z": 0.61
    },
    "B17": {
      "depth": 9.09,
      "totalLiquidVolume": 40,
      "shape": "circular",
      "diameter": 3.17,
      "x": 84.15,
      "y": 72,
      "z": 0.61
    },
    "C17": {
      "depth": 9.09,
      "totalLiquidVolume": 40,
      "shape": "circular",
      "diameter": 3.17,
      "x": 84.15,
      "y": 67.5,
      "z": 0.61
    },
    "D17": {
      "depth": 9.09,
      "totalLiquidVolume": 40,
      "shape": "circular",
      "diameter": 3.17,
      "x": 84.15,
      "y": 63,
      "z": 0.61
    },
    "E17": {
      "depth": 9.09,
      "totalLiquidVolume": 40,
      "shape": "circular",
      "diameter": 3.17,
      "x": 84.15,
      "y": 58.5,
      "z": 0.61
    },
    "F17": {
      "depth": 9.09,
      "totalLiquidVolume": 40,
      "shape": "circular",
      "diameter": 3.17,
      "x": 84.15,
      "y": 54,
      "z": 0.61
    },
    "G17": {
      "depth": 9.09,
      "totalLiquidVolume": 40,
      "shape": "circular",
      "diameter": 3.17,
      "x": 84.15,
      "y": 49.5,
      "z": 0.61
    },
    "H17": {
      "depth": 9.09,
      "totalLiquidVolume": 40,
      "shape": "circular",
      "diameter": 3.17,
      "x": 84.15,
      "y": 45,
      "z": 0.61
    },
    "I17": {
      "depth": 9.09,
      "totalLiquidVolume": 40,
      "shape": "circular",
      "diameter": 3.17,
      "x": 84.15,
      "y": 40.5,
      "z": 0.61
    },
    "J17": {
      "depth": 9.09,
      "totalLiquidVolume": 40,
      "shape": "circular",
      "diameter": 3.17,
      "x": 84.15,
      "y": 36,
      "z": 0.61
    },
    "K17": {
      "depth": 9.09,
      "totalLiquidVolume": 40,
      "shape": "circular",
      "diameter": 3.17,
      "x": 84.15,
      "y": 31.5,
      "z": 0.61
    },
    "L17": {
      "depth": 9.09,
      "totalLiquidVolume": 40,
      "shape": "circular",
      "diameter": 3.17,
      "x": 84.15,
      "y": 27,
      "z": 0.61
    },
    "M17": {
      "depth": 9.09,
      "totalLiquidVolume": 40,
      "shape": "circular",
      "diameter": 3.17,
      "x": 84.15,
      "y": 22.5,
      "z": 0.61
    },
    "N17": {
      "depth": 9.09,
      "totalLiquidVolume": 40,
      "shape": "circular",
      "diameter": 3.17,
      "x": 84.15,
      "y": 18,
      "z": 0.61
    },
    "O17": {
      "depth": 9.09,
      "totalLiquidVolume": 40,
      "shape": "circular",
      "diameter": 3.17,
      "x": 84.15,
      "y": 13.5,
      "z": 0.61
    },
    "P17": {
      "depth": 9.09,
      "totalLiquidVolume": 40,
      "shape": "circular",
      "diameter": 3.17,
      "x": 84.15,
      "y": 9,
      "z": 0.61
    },
    "A18": {
      "depth": 9.09,
      "totalLiquidVolume": 40,
      "shape": "circular",
      "diameter": 3.17,
      "x": 88.65,
      "y": 76.5,
      "z": 0.61
    },
    "B18": {
      "depth": 9.09,
      "totalLiquidVolume": 40,
      "shape": "circular",
      "diameter": 3.17,
      "x": 88.65,
      "y": 72,
      "z": 0.61
    },
    "C18": {
      "depth": 9.09,
      "totalLiquidVolume": 40,
      "shape": "circular",
      "diameter": 3.17,
      "x": 88.65,
      "y": 67.5,
      "z": 0.61
    },
    "D18": {
      "depth": 9.09,
      "totalLiquidVolume": 40,
      "shape": "circular",
      "diameter": 3.17,
      "x": 88.65,
      "y": 63,
      "z": 0.61
    },
    "E18": {
      "depth": 9.09,
      "totalLiquidVolume": 40,
      "shape": "circular",
      "diameter": 3.17,
      "x": 88.65,
      "y": 58.5,
      "z": 0.61
    },
    "F18": {
      "depth": 9.09,
      "totalLiquidVolume": 40,
      "shape": "circular",
      "diameter": 3.17,
      "x": 88.65,
      "y": 54,
      "z": 0.61
    },
    "G18": {
      "depth": 9.09,
      "totalLiquidVolume": 40,
      "shape": "circular",
      "diameter": 3.17,
      "x": 88.65,
      "y": 49.5,
      "z": 0.61
    },
    "H18": {
      "depth": 9.09,
      "totalLiquidVolume": 40,
      "shape": "circular",
      "diameter": 3.17,
      "x": 88.65,
      "y": 45,
      "z": 0.61
    },
    "I18": {
      "depth": 9.09,
      "totalLiquidVolume": 40,
      "shape": "circular",
      "diameter": 3.17,
      "x": 88.65,
      "y": 40.5,
      "z": 0.61
    },
    "J18": {
      "depth": 9.09,
      "totalLiquidVolume": 40,
      "shape": "circular",
      "diameter": 3.17,
      "x": 88.65,
      "y": 36,
      "z": 0.61
    },
    "K18": {
      "depth": 9.09,
      "totalLiquidVolume": 40,
      "shape": "circular",
      "diameter": 3.17,
      "x": 88.65,
      "y": 31.5,
      "z": 0.61
    },
    "L18": {
      "depth": 9.09,
      "totalLiquidVolume": 40,
      "shape": "circular",
      "diameter": 3.17,
      "x": 88.65,
      "y": 27,
      "z": 0.61
    },
    "M18": {
      "depth": 9.09,
      "totalLiquidVolume": 40,
      "shape": "circular",
      "diameter": 3.17,
      "x": 88.65,
      "y": 22.5,
      "z": 0.61
    },
    "N18": {
      "depth": 9.09,
      "totalLiquidVolume": 40,
      "shape": "circular",
      "diameter": 3.17,
      "x": 88.65,
      "y": 18,
      "z": 0.61
    },
    "O18": {
      "depth": 9.09,
      "totalLiquidVolume": 40,
      "shape": "circular",
      "diameter": 3.17,
      "x": 88.65,
      "y": 13.5,
      "z": 0.61
    },
    "P18": {
      "depth": 9.09,
      "totalLiquidVolume": 40,
      "shape": "circular",
      "diameter": 3.17,
      "x": 88.65,
      "y": 9,
      "z": 0.61
    },
    "A19": {
      "depth": 9.09,
      "totalLiquidVolume": 40,
      "shape": "circular",
      "diameter": 3.17,
      "x": 93.15,
      "y": 76.5,
      "z": 0.61
    },
    "B19": {
      "depth": 9.09,
      "totalLiquidVolume": 40,
      "shape": "circular",
      "diameter": 3.17,
      "x": 93.15,
      "y": 72,
      "z": 0.61
    },
    "C19": {
      "depth": 9.09,
      "totalLiquidVolume": 40,
      "shape": "circular",
      "diameter": 3.17,
      "x": 93.15,
      "y": 67.5,
      "z": 0.61
    },
    "D19": {
      "depth": 9.09,
      "totalLiquidVolume": 40,
      "shape": "circular",
      "diameter": 3.17,
      "x": 93.15,
      "y": 63,
      "z": 0.61
    },
    "E19": {
      "depth": 9.09,
      "totalLiquidVolume": 40,
      "shape": "circular",
      "diameter": 3.17,
      "x": 93.15,
      "y": 58.5,
      "z": 0.61
    },
    "F19": {
      "depth": 9.09,
      "totalLiquidVolume": 40,
      "shape": "circular",
      "diameter": 3.17,
      "x": 93.15,
      "y": 54,
      "z": 0.61
    },
    "G19": {
      "depth": 9.09,
      "totalLiquidVolume": 40,
      "shape": "circular",
      "diameter": 3.17,
      "x": 93.15,
      "y": 49.5,
      "z": 0.61
    },
    "H19": {
      "depth": 9.09,
      "totalLiquidVolume": 40,
      "shape": "circular",
      "diameter": 3.17,
      "x": 93.15,
      "y": 45,
      "z": 0.61
    },
    "I19": {
      "depth": 9.09,
      "totalLiquidVolume": 40,
      "shape": "circular",
      "diameter": 3.17,
      "x": 93.15,
      "y": 40.5,
      "z": 0.61
    },
    "J19": {
      "depth": 9.09,
      "totalLiquidVolume": 40,
      "shape": "circular",
      "diameter": 3.17,
      "x": 93.15,
      "y": 36,
      "z": 0.61
    },
    "K19": {
      "depth": 9.09,
      "totalLiquidVolume": 40,
      "shape": "circular",
      "diameter": 3.17,
      "x": 93.15,
      "y": 31.5,
      "z": 0.61
    },
    "L19": {
      "depth": 9.09,
      "totalLiquidVolume": 40,
      "shape": "circular",
      "diameter": 3.17,
      "x": 93.15,
      "y": 27,
      "z": 0.61
    },
    "M19": {
      "depth": 9.09,
      "totalLiquidVolume": 40,
      "shape": "circular",
      "diameter": 3.17,
      "x": 93.15,
      "y": 22.5,
      "z": 0.61
    },
    "N19": {
      "depth": 9.09,
      "totalLiquidVolume": 40,
      "shape": "circular",
      "diameter": 3.17,
      "x": 93.15,
      "y": 18,
      "z": 0.61
    },
    "O19": {
      "depth": 9.09,
      "totalLiquidVolume": 40,
      "shape": "circular",
      "diameter": 3.17,
      "x": 93.15,
      "y": 13.5,
      "z": 0.61
    },
    "P19": {
      "depth": 9.09,
      "totalLiquidVolume": 40,
      "shape": "circular",
      "diameter": 3.17,
      "x": 93.15,
      "y": 9,
      "z": 0.61
    },
    "A20": {
      "depth": 9.09,
      "totalLiquidVolume": 40,
      "shape": "circular",
      "diameter": 3.17,
      "x": 97.65,
      "y": 76.5,
      "z": 0.61
    },
    "B20": {
      "depth": 9.09,
      "totalLiquidVolume": 40,
      "shape": "circular",
      "diameter": 3.17,
      "x": 97.65,
      "y": 72,
      "z": 0.61
    },
    "C20": {
      "depth": 9.09,
      "totalLiquidVolume": 40,
      "shape": "circular",
      "diameter": 3.17,
      "x": 97.65,
      "y": 67.5,
      "z": 0.61
    },
    "D20": {
      "depth": 9.09,
      "totalLiquidVolume": 40,
      "shape": "circular",
      "diameter": 3.17,
      "x": 97.65,
      "y": 63,
      "z": 0.61
    },
    "E20": {
      "depth": 9.09,
      "totalLiquidVolume": 40,
      "shape": "circular",
      "diameter": 3.17,
      "x": 97.65,
      "y": 58.5,
      "z": 0.61
    },
    "F20": {
      "depth": 9.09,
      "totalLiquidVolume": 40,
      "shape": "circular",
      "diameter": 3.17,
      "x": 97.65,
      "y": 54,
      "z": 0.61
    },
    "G20": {
      "depth": 9.09,
      "totalLiquidVolume": 40,
      "shape": "circular",
      "diameter": 3.17,
      "x": 97.65,
      "y": 49.5,
      "z": 0.61
    },
    "H20": {
      "depth": 9.09,
      "totalLiquidVolume": 40,
      "shape": "circular",
      "diameter": 3.17,
      "x": 97.65,
      "y": 45,
      "z": 0.61
    },
    "I20": {
      "depth": 9.09,
      "totalLiquidVolume": 40,
      "shape": "circular",
      "diameter": 3.17,
      "x": 97.65,
      "y": 40.5,
      "z": 0.61
    },
    "J20": {
      "depth": 9.09,
      "totalLiquidVolume": 40,
      "shape": "circular",
      "diameter": 3.17,
      "x": 97.65,
      "y": 36,
      "z": 0.61
    },
    "K20": {
      "depth": 9.09,
      "totalLiquidVolume": 40,
      "shape": "circular",
      "diameter": 3.17,
      "x": 97.65,
      "y": 31.5,
      "z": 0.61
    },
    "L20": {
      "depth": 9.09,
      "totalLiquidVolume": 40,
      "shape": "circular",
      "diameter": 3.17,
      "x": 97.65,
      "y": 27,
      "z": 0.61
    },
    "M20": {
      "depth": 9.09,
      "totalLiquidVolume": 40,
      "shape": "circular",
      "diameter": 3.17,
      "x": 97.65,
      "y": 22.5,
      "z": 0.61
    },
    "N20": {
      "depth": 9.09,
      "totalLiquidVolume": 40,
      "shape": "circular",
      "diameter": 3.17,
      "x": 97.65,
      "y": 18,
      "z": 0.61
    },
    "O20": {
      "depth": 9.09,
      "totalLiquidVolume": 40,
      "shape": "circular",
      "diameter": 3.17,
      "x": 97.65,
      "y": 13.5,
      "z": 0.61
    },
    "P20": {
      "depth": 9.09,
      "totalLiquidVolume": 40,
      "shape": "circular",
      "diameter": 3.17,
      "x": 97.65,
      "y": 9,
      "z": 0.61
    },
    "A21": {
      "depth": 9.09,
      "totalLiquidVolume": 40,
      "shape": "circular",
      "diameter": 3.17,
      "x": 102.15,
      "y": 76.5,
      "z": 0.61
    },
    "B21": {
      "depth": 9.09,
      "totalLiquidVolume": 40,
      "shape": "circular",
      "diameter": 3.17,
      "x": 102.15,
      "y": 72,
      "z": 0.61
    },
    "C21": {
      "depth": 9.09,
      "totalLiquidVolume": 40,
      "shape": "circular",
      "diameter": 3.17,
      "x": 102.15,
      "y": 67.5,
      "z": 0.61
    },
    "D21": {
      "depth": 9.09,
      "totalLiquidVolume": 40,
      "shape": "circular",
      "diameter": 3.17,
      "x": 102.15,
      "y": 63,
      "z": 0.61
    },
    "E21": {
      "depth": 9.09,
      "totalLiquidVolume": 40,
      "shape": "circular",
      "diameter": 3.17,
      "x": 102.15,
      "y": 58.5,
      "z": 0.61
    },
    "F21": {
      "depth": 9.09,
      "totalLiquidVolume": 40,
      "shape": "circular",
      "diameter": 3.17,
      "x": 102.15,
      "y": 54,
      "z": 0.61
    },
    "G21": {
      "depth": 9.09,
      "totalLiquidVolume": 40,
      "shape": "circular",
      "diameter": 3.17,
      "x": 102.15,
      "y": 49.5,
      "z": 0.61
    },
    "H21": {
      "depth": 9.09,
      "totalLiquidVolume": 40,
      "shape": "circular",
      "diameter": 3.17,
      "x": 102.15,
      "y": 45,
      "z": 0.61
    },
    "I21": {
      "depth": 9.09,
      "totalLiquidVolume": 40,
      "shape": "circular",
      "diameter": 3.17,
      "x": 102.15,
      "y": 40.5,
      "z": 0.61
    },
    "J21": {
      "depth": 9.09,
      "totalLiquidVolume": 40,
      "shape": "circular",
      "diameter": 3.17,
      "x": 102.15,
      "y": 36,
      "z": 0.61
    },
    "K21": {
      "depth": 9.09,
      "totalLiquidVolume": 40,
      "shape": "circular",
      "diameter": 3.17,
      "x": 102.15,
      "y": 31.5,
      "z": 0.61
    },
    "L21": {
      "depth": 9.09,
      "totalLiquidVolume": 40,
      "shape": "circular",
      "diameter": 3.17,
      "x": 102.15,
      "y": 27,
      "z": 0.61
    },
    "M21": {
      "depth": 9.09,
      "totalLiquidVolume": 40,
      "shape": "circular",
      "diameter": 3.17,
      "x": 102.15,
      "y": 22.5,
      "z": 0.61
    },
    "N21": {
      "depth": 9.09,
      "totalLiquidVolume": 40,
      "shape": "circular",
      "diameter": 3.17,
      "x": 102.15,
      "y": 18,
      "z": 0.61
    },
    "O21": {
      "depth": 9.09,
      "totalLiquidVolume": 40,
      "shape": "circular",
      "diameter": 3.17,
      "x": 102.15,
      "y": 13.5,
      "z": 0.61
    },
    "P21": {
      "depth": 9.09,
      "totalLiquidVolume": 40,
      "shape": "circular",
      "diameter": 3.17,
      "x": 102.15,
      "y": 9,
      "z": 0.61
    },
    "A22": {
      "depth": 9.09,
      "totalLiquidVolume": 40,
      "shape": "circular",
      "diameter": 3.17,
      "x": 106.65,
      "y": 76.5,
      "z": 0.61
    },
    "B22": {
      "depth": 9.09,
      "totalLiquidVolume": 40,
      "shape": "circular",
      "diameter": 3.17,
      "x": 106.65,
      "y": 72,
      "z": 0.61
    },
    "C22": {
      "depth": 9.09,
      "totalLiquidVolume": 40,
      "shape": "circular",
      "diameter": 3.17,
      "x": 106.65,
      "y": 67.5,
      "z": 0.61
    },
    "D22": {
      "depth": 9.09,
      "totalLiquidVolume": 40,
      "shape": "circular",
      "diameter": 3.17,
      "x": 106.65,
      "y": 63,
      "z": 0.61
    },
    "E22": {
      "depth": 9.09,
      "totalLiquidVolume": 40,
      "shape": "circular",
      "diameter": 3.17,
      "x": 106.65,
      "y": 58.5,
      "z": 0.61
    },
    "F22": {
      "depth": 9.09,
      "totalLiquidVolume": 40,
      "shape": "circular",
      "diameter": 3.17,
      "x": 106.65,
      "y": 54,
      "z": 0.61
    },
    "G22": {
      "depth": 9.09,
      "totalLiquidVolume": 40,
      "shape": "circular",
      "diameter": 3.17,
      "x": 106.65,
      "y": 49.5,
      "z": 0.61
    },
    "H22": {
      "depth": 9.09,
      "totalLiquidVolume": 40,
      "shape": "circular",
      "diameter": 3.17,
      "x": 106.65,
      "y": 45,
      "z": 0.61
    },
    "I22": {
      "depth": 9.09,
      "totalLiquidVolume": 40,
      "shape": "circular",
      "diameter": 3.17,
      "x": 106.65,
      "y": 40.5,
      "z": 0.61
    },
    "J22": {
      "depth": 9.09,
      "totalLiquidVolume": 40,
      "shape": "circular",
      "diameter": 3.17,
      "x": 106.65,
      "y": 36,
      "z": 0.61
    },
    "K22": {
      "depth": 9.09,
      "totalLiquidVolume": 40,
      "shape": "circular",
      "diameter": 3.17,
      "x": 106.65,
      "y": 31.5,
      "z": 0.61
    },
    "L22": {
      "depth": 9.09,
      "totalLiquidVolume": 40,
      "shape": "circular",
      "diameter": 3.17,
      "x": 106.65,
      "y": 27,
      "z": 0.61
    },
    "M22": {
      "depth": 9.09,
      "totalLiquidVolume": 40,
      "shape": "circular",
      "diameter": 3.17,
      "x": 106.65,
      "y": 22.5,
      "z": 0.61
    },
    "N22": {
      "depth": 9.09,
      "totalLiquidVolume": 40,
      "shape": "circular",
      "diameter": 3.17,
      "x": 106.65,
      "y": 18,
      "z": 0.61
    },
    "O22": {
      "depth": 9.09,
      "totalLiquidVolume": 40,
      "shape": "circular",
      "diameter": 3.17,
      "x": 106.65,
      "y": 13.5,
      "z": 0.61
    },
    "P22": {
      "depth": 9.09,
      "totalLiquidVolume": 40,
      "shape": "circular",
      "diameter": 3.17,
      "x": 106.65,
      "y": 9,
      "z": 0.61
    },
    "A23": {
      "depth": 9.09,
      "totalLiquidVolume": 40,
      "shape": "circular",
      "diameter": 3.17,
      "x": 111.15,
      "y": 76.5,
      "z": 0.61
    },
    "B23": {
      "depth": 9.09,
      "totalLiquidVolume": 40,
      "shape": "circular",
      "diameter": 3.17,
      "x": 111.15,
      "y": 72,
      "z": 0.61
    },
    "C23": {
      "depth": 9.09,
      "totalLiquidVolume": 40,
      "shape": "circular",
      "diameter": 3.17,
      "x": 111.15,
      "y": 67.5,
      "z": 0.61
    },
    "D23": {
      "depth": 9.09,
      "totalLiquidVolume": 40,
      "shape": "circular",
      "diameter": 3.17,
      "x": 111.15,
      "y": 63,
      "z": 0.61
    },
    "E23": {
      "depth": 9.09,
      "totalLiquidVolume": 40,
      "shape": "circular",
      "diameter": 3.17,
      "x": 111.15,
      "y": 58.5,
      "z": 0.61
    },
    "F23": {
      "depth": 9.09,
      "totalLiquidVolume": 40,
      "shape": "circular",
      "diameter": 3.17,
      "x": 111.15,
      "y": 54,
      "z": 0.61
    },
    "G23": {
      "depth": 9.09,
      "totalLiquidVolume": 40,
      "shape": "circular",
      "diameter": 3.17,
      "x": 111.15,
      "y": 49.5,
      "z": 0.61
    },
    "H23": {
      "depth": 9.09,
      "totalLiquidVolume": 40,
      "shape": "circular",
      "diameter": 3.17,
      "x": 111.15,
      "y": 45,
      "z": 0.61
    },
    "I23": {
      "depth": 9.09,
      "totalLiquidVolume": 40,
      "shape": "circular",
      "diameter": 3.17,
      "x": 111.15,
      "y": 40.5,
      "z": 0.61
    },
    "J23": {
      "depth": 9.09,
      "totalLiquidVolume": 40,
      "shape": "circular",
      "diameter": 3.17,
      "x": 111.15,
      "y": 36,
      "z": 0.61
    },
    "K23": {
      "depth": 9.09,
      "totalLiquidVolume": 40,
      "shape": "circular",
      "diameter": 3.17,
      "x": 111.15,
      "y": 31.5,
      "z": 0.61
    },
    "L23": {
      "depth": 9.09,
      "totalLiquidVolume": 40,
      "shape": "circular",
      "diameter": 3.17,
      "x": 111.15,
      "y": 27,
      "z": 0.61
    },
    "M23": {
      "depth": 9.09,
      "totalLiquidVolume": 40,
      "shape": "circular",
      "diameter": 3.17,
      "x": 111.15,
      "y": 22.5,
      "z": 0.61
    },
    "N23": {
      "depth": 9.09,
      "totalLiquidVolume": 40,
      "shape": "circular",
      "diameter": 3.17,
      "x": 111.15,
      "y": 18,
      "z": 0.61
    },
    "O23": {
      "depth": 9.09,
      "totalLiquidVolume": 40,
      "shape": "circular",
      "diameter": 3.17,
      "x": 111.15,
      "y": 13.5,
      "z": 0.61
    },
    "P23": {
      "depth": 9.09,
      "totalLiquidVolume": 40,
      "shape": "circular",
      "diameter": 3.17,
      "x": 111.15,
      "y": 9,
      "z": 0.61
    },
    "A24": {
      "depth": 9.09,
      "totalLiquidVolume": 40,
      "shape": "circular",
      "diameter": 3.17,
      "x": 115.65,
      "y": 76.5,
      "z": 0.61
    },
    "B24": {
      "depth": 9.09,
      "totalLiquidVolume": 40,
      "shape": "circular",
      "diameter": 3.17,
      "x": 115.65,
      "y": 72,
      "z": 0.61
    },
    "C24": {
      "depth": 9.09,
      "totalLiquidVolume": 40,
      "shape": "circular",
      "diameter": 3.17,
      "x": 115.65,
      "y": 67.5,
      "z": 0.61
    },
    "D24": {
      "depth": 9.09,
      "totalLiquidVolume": 40,
      "shape": "circular",
      "diameter": 3.17,
      "x": 115.65,
      "y": 63,
      "z": 0.61
    },
    "E24": {
      "depth": 9.09,
      "totalLiquidVolume": 40,
      "shape": "circular",
      "diameter": 3.17,
      "x": 115.65,
      "y": 58.5,
      "z": 0.61
    },
    "F24": {
      "depth": 9.09,
      "totalLiquidVolume": 40,
      "shape": "circular",
      "diameter": 3.17,
      "x": 115.65,
      "y": 54,
      "z": 0.61
    },
    "G24": {
      "depth": 9.09,
      "totalLiquidVolume": 40,
      "shape": "circular",
      "diameter": 3.17,
      "x": 115.65,
      "y": 49.5,
      "z": 0.61
    },
    "H24": {
      "depth": 9.09,
      "totalLiquidVolume": 40,
      "shape": "circular",
      "diameter": 3.17,
      "x": 115.65,
      "y": 45,
      "z": 0.61
    },
    "I24": {
      "depth": 9.09,
      "totalLiquidVolume": 40,
      "shape": "circular",
      "diameter": 3.17,
      "x": 115.65,
      "y": 40.5,
      "z": 0.61
    },
    "J24": {
      "depth": 9.09,
      "totalLiquidVolume": 40,
      "shape": "circular",
      "diameter": 3.17,
      "x": 115.65,
      "y": 36,
      "z": 0.61
    },
    "K24": {
      "depth": 9.09,
      "totalLiquidVolume": 40,
      "shape": "circular",
      "diameter": 3.17,
      "x": 115.65,
      "y": 31.5,
      "z": 0.61
    },
    "L24": {
      "depth": 9.09,
      "totalLiquidVolume": 40,
      "shape": "circular",
      "diameter": 3.17,
      "x": 115.65,
      "y": 27,
      "z": 0.61
    },
    "M24": {
      "depth": 9.09,
      "totalLiquidVolume": 40,
      "shape": "circular",
      "diameter": 3.17,
      "x": 115.65,
      "y": 22.5,
      "z": 0.61
    },
    "N24": {
      "depth": 9.09,
      "totalLiquidVolume": 40,
      "shape": "circular",
      "diameter": 3.17,
      "x": 115.65,
      "y": 18,
      "z": 0.61
    },
    "O24": {
      "depth": 9.09,
      "totalLiquidVolume": 40,
      "shape": "circular",
      "diameter": 3.17,
      "x": 115.65,
      "y": 13.5,
      "z": 0.61
    },
    "P24": {
      "depth": 9.09,
      "totalLiquidVolume": 40,
      "shape": "circular",
      "diameter": 3.17,
      "x": 115.65,
      "y": 9,
      "z": 0.61
    }
  },
  "groups": [
    {
      "metadata": {
        "wellBottomShape": "v"
      },
      "wells": [
        "A1",
        "B1",
        "C1",
        "D1",
        "E1",
        "F1",
        "G1",
        "H1",
        "I1",
        "J1",
        "K1",
        "L1",
        "M1",
        "N1",
        "O1",
        "P1",
        "A2",
        "B2",
        "C2",
        "D2",
        "E2",
        "F2",
        "G2",
        "H2",
        "I2",
        "J2",
        "K2",
        "L2",
        "M2",
        "N2",
        "O2",
        "P2",
        "A3",
        "B3",
        "C3",
        "D3",
        "E3",
        "F3",
        "G3",
        "H3",
        "I3",
        "J3",
        "K3",
        "L3",
        "M3",
        "N3",
        "O3",
        "P3",
        "A4",
        "B4",
        "C4",
        "D4",
        "E4",
        "F4",
        "G4",
        "H4",
        "I4",
        "J4",
        "K4",
        "L4",
        "M4",
        "N4",
        "O4",
        "P4",
        "A5",
        "B5",
        "C5",
        "D5",
        "E5",
        "F5",
        "G5",
        "H5",
        "I5",
        "J5",
        "K5",
        "L5",
        "M5",
        "N5",
        "O5",
        "P5",
        "A6",
        "B6",
        "C6",
        "D6",
        "E6",
        "F6",
        "G6",
        "H6",
        "I6",
        "J6",
        "K6",
        "L6",
        "M6",
        "N6",
        "O6",
        "P6",
        "A7",
        "B7",
        "C7",
        "D7",
        "E7",
        "F7",
        "G7",
        "H7",
        "I7",
        "J7",
        "K7",
        "L7",
        "M7",
        "N7",
        "O7",
        "P7",
        "A8",
        "B8",
        "C8",
        "D8",
        "E8",
        "F8",
        "G8",
        "H8",
        "I8",
        "J8",
        "K8",
        "L8",
        "M8",
        "N8",
        "O8",
        "P8",
        "A9",
        "B9",
        "C9",
        "D9",
        "E9",
        "F9",
        "G9",
        "H9",
        "I9",
        "J9",
        "K9",
        "L9",
        "M9",
        "N9",
        "O9",
        "P9",
        "A10",
        "B10",
        "C10",
        "D10",
        "E10",
        "F10",
        "G10",
        "H10",
        "I10",
        "J10",
        "K10",
        "L10",
        "M10",
        "N10",
        "O10",
        "P10",
        "A11",
        "B11",
        "C11",
        "D11",
        "E11",
        "F11",
        "G11",
        "H11",
        "I11",
        "J11",
        "K11",
        "L11",
        "M11",
        "N11",
        "O11",
        "P11",
        "A12",
        "B12",
        "C12",
        "D12",
        "E12",
        "F12",
        "G12",
        "H12",
        "I12",
        "J12",
        "K12",
        "L12",
        "M12",
        "N12",
        "O12",
        "P12",
        "A13",
        "B13",
        "C13",
        "D13",
        "E13",
        "F13",
        "G13",
        "H13",
        "I13",
        "J13",
        "K13",
        "L13",
        "M13",
        "N13",
        "O13",
        "P13",
        "A14",
        "B14",
        "C14",
        "D14",
        "E14",
        "F14",
        "G14",
        "H14",
        "I14",
        "J14",
        "K14",
        "L14",
        "M14",
        "N14",
        "O14",
        "P14",
        "A15",
        "B15",
        "C15",
        "D15",
        "E15",
        "F15",
        "G15",
        "H15",
        "I15",
        "J15",
        "K15",
        "L15",
        "M15",
        "N15",
        "O15",
        "P15",
        "A16",
        "B16",
        "C16",
        "D16",
        "E16",
        "F16",
        "G16",
        "H16",
        "I16",
        "J16",
        "K16",
        "L16",
        "M16",
        "N16",
        "O16",
        "P16",
        "A17",
        "B17",
        "C17",
        "D17",
        "E17",
        "F17",
        "G17",
        "H17",
        "I17",
        "J17",
        "K17",
        "L17",
        "M17",
        "N17",
        "O17",
        "P17",
        "A18",
        "B18",
        "C18",
        "D18",
        "E18",
        "F18",
        "G18",
        "H18",
        "I18",
        "J18",
        "K18",
        "L18",
        "M18",
        "N18",
        "O18",
        "P18",
        "A19",
        "B19",
        "C19",
        "D19",
        "E19",
        "F19",
        "G19",
        "H19",
        "I19",
        "J19",
        "K19",
        "L19",
        "M19",
        "N19",
        "O19",
        "P19",
        "A20",
        "B20",
        "C20",
        "D20",
        "E20",
        "F20",
        "G20",
        "H20",
        "I20",
        "J20",
        "K20",
        "L20",
        "M20",
        "N20",
        "O20",
        "P20",
        "A21",
        "B21",
        "C21",
        "D21",
        "E21",
        "F21",
        "G21",
        "H21",
        "I21",
        "J21",
        "K21",
        "L21",
        "M21",
        "N21",
        "O21",
        "P21",
        "A22",
        "B22",
        "C22",
        "D22",
        "E22",
        "F22",
        "G22",
        "H22",
        "I22",
        "J22",
        "K22",
        "L22",
        "M22",
        "N22",
        "O22",
        "P22",
        "A23",
        "B23",
        "C23",
        "D23",
        "E23",
        "F23",
        "G23",
        "H23",
        "I23",
        "J23",
        "K23",
        "L23",
        "M23",
        "N23",
        "O23",
        "P23",
        "A24",
        "B24",
        "C24",
        "D24",
        "E24",
        "F24",
        "G24",
        "H24",
        "I24",
        "J24",
        "K24",
        "L24",
        "M24",
        "N24",
        "O24",
        "P24"
      ]
    }
  ],
  "parameters": {
    "format": "irregular",
    "quirks": [],
    "isTiprack": false,
    "isMagneticModuleCompatible": false,
    "loadName": "appliedbiosystemsmicroampcustom_384_wellplate_40ul"
  },
  "namespace": "custom_beta",
  "version": 1,
  "schemaVersion": 2,
  "cornerOffsetFromSlot": {
    "x": 0,
    "y": 0,
    "z": 0
  }
}
