{
  "ordering": [
    ["A1", "B1", "C1", "D1", "E1", "F1", "G1", "H1"],
    ["A2", "B2", "C2", "D2", "E2", "F2", "G2", "H2"],
    ["A3", "B3", "C3", "D3", "E3", "F3", "G3", "H3"],
    ["A4", "B4", "C4", "D4", "E4", "F4", "G4", "H4"],
    ["A5", "B5", "C5", "D5", "E5", "F5", "G5", "H5"],
    ["A6", "B6", "C6", "D6", "E6", "F6", "G6", "H6"],
    ["A7", "B7", "C7", "D7", "E7", "F7", "G7", "H7"],
    ["A8", "B8", "C8", "D8", "E8", "F8", "G8", "H8"],
    ["A9", "B9", "C9", "D9", "E9", "F9", "G9", "H9"],
    ["A10", "B10", "C10", "D10", "E10", "F10", "G10", "H10"],
    ["A11", "B11", "C11", "D11", "E11", "F11", "G11", "H11"],
    ["A12", "B12", "C12", "D12", "E12", "F12", "G12", "H12"]
  ],
  "brand": {
    "brand": "Opentrons",
    "brandId": [],
    "links": [
      "https://shop.opentrons.com/collections/opentrons-tips/products/opentrons-10ul-tips"
    ]
  },
  "metadata": {
    "displayName": "Opentrons 96 Tip Rack 20 µL",
    "displayCategory": "tipRack",
    "displayVolumeUnits": "µL",
    "tags": []
  },
  "dimensions": {
    "xDimension": 127.76,
    "yDimension": 85.48,
    "zDimension": 64.69
  },
  "wells": {
    "A1": {
      "depth": 39.2,
      "shape": "circular",
      "diameter": 3.27,
      "totalLiquidVolume": 20,
      "x": 14.38,
      "y": 74.24,
      "z": 25.49
    },
    "B1": {
      "depth": 39.2,
      "shape": "circular",
      "diameter": 3.27,
      "totalLiquidVolume": 20,
      "x": 14.38,
      "y": 65.24,
      "z": 25.49
    },
    "C1": {
      "depth": 39.2,
      "shape": "circular",
      "diameter": 3.27,
      "totalLiquidVolume": 20,
      "x": 14.38,
      "y": 56.24,
      "z": 25.49
    },
    "D1": {
      "depth": 39.2,
      "shape": "circular",
      "diameter": 3.27,
      "totalLiquidVolume": 20,
      "x": 14.38,
      "y": 47.24,
      "z": 25.49
    },
    "E1": {
      "depth": 39.2,
      "shape": "circular",
      "diameter": 3.27,
      "totalLiquidVolume": 20,
      "x": 14.38,
      "y": 38.24,
      "z": 25.49
    },
    "F1": {
      "depth": 39.2,
      "shape": "circular",
      "diameter": 3.27,
      "totalLiquidVolume": 20,
      "x": 14.38,
      "y": 29.24,
      "z": 25.49
    },
    "G1": {
      "depth": 39.2,
      "shape": "circular",
      "diameter": 3.27,
      "totalLiquidVolume": 20,
      "x": 14.38,
      "y": 20.24,
      "z": 25.49
    },
    "H1": {
      "depth": 39.2,
      "shape": "circular",
      "diameter": 3.27,
      "totalLiquidVolume": 20,
      "x": 14.38,
      "y": 11.24,
      "z": 25.49
    },
    "A2": {
      "depth": 39.2,
      "shape": "circular",
      "diameter": 3.27,
      "totalLiquidVolume": 20,
      "x": 23.38,
      "y": 74.24,
      "z": 25.49
    },
    "B2": {
      "depth": 39.2,
      "shape": "circular",
      "diameter": 3.27,
      "totalLiquidVolume": 20,
      "x": 23.38,
      "y": 65.24,
      "z": 25.49
    },
    "C2": {
      "depth": 39.2,
      "shape": "circular",
      "diameter": 3.27,
      "totalLiquidVolume": 20,
      "x": 23.38,
      "y": 56.24,
      "z": 25.49
    },
    "D2": {
      "depth": 39.2,
      "shape": "circular",
      "diameter": 3.27,
      "totalLiquidVolume": 20,
      "x": 23.38,
      "y": 47.24,
      "z": 25.49
    },
    "E2": {
      "depth": 39.2,
      "shape": "circular",
      "diameter": 3.27,
      "totalLiquidVolume": 20,
      "x": 23.38,
      "y": 38.24,
      "z": 25.49
    },
    "F2": {
      "depth": 39.2,
      "shape": "circular",
      "diameter": 3.27,
      "totalLiquidVolume": 20,
      "x": 23.38,
      "y": 29.24,
      "z": 25.49
    },
    "G2": {
      "depth": 39.2,
      "shape": "circular",
      "diameter": 3.27,
      "totalLiquidVolume": 20,
      "x": 23.38,
      "y": 20.24,
      "z": 25.49
    },
    "H2": {
      "depth": 39.2,
      "shape": "circular",
      "diameter": 3.27,
      "totalLiquidVolume": 20,
      "x": 23.38,
      "y": 11.24,
      "z": 25.49
    },
    "A3": {
      "depth": 39.2,
      "shape": "circular",
      "diameter": 3.27,
      "totalLiquidVolume": 20,
      "x": 32.38,
      "y": 74.24,
      "z": 25.49
    },
    "B3": {
      "depth": 39.2,
      "shape": "circular",
      "diameter": 3.27,
      "totalLiquidVolume": 20,
      "x": 32.38,
      "y": 65.24,
      "z": 25.49
    },
    "C3": {
      "depth": 39.2,
      "shape": "circular",
      "diameter": 3.27,
      "totalLiquidVolume": 20,
      "x": 32.38,
      "y": 56.24,
      "z": 25.49
    },
    "D3": {
      "depth": 39.2,
      "shape": "circular",
      "diameter": 3.27,
      "totalLiquidVolume": 20,
      "x": 32.38,
      "y": 47.24,
      "z": 25.49
    },
    "E3": {
      "depth": 39.2,
      "shape": "circular",
      "diameter": 3.27,
      "totalLiquidVolume": 20,
      "x": 32.38,
      "y": 38.24,
      "z": 25.49
    },
    "F3": {
      "depth": 39.2,
      "shape": "circular",
      "diameter": 3.27,
      "totalLiquidVolume": 20,
      "x": 32.38,
      "y": 29.24,
      "z": 25.49
    },
    "G3": {
      "depth": 39.2,
      "shape": "circular",
      "diameter": 3.27,
      "totalLiquidVolume": 20,
      "x": 32.38,
      "y": 20.24,
      "z": 25.49
    },
    "H3": {
      "depth": 39.2,
      "shape": "circular",
      "diameter": 3.27,
      "totalLiquidVolume": 20,
      "x": 32.38,
      "y": 11.24,
      "z": 25.49
    },
    "A4": {
      "depth": 39.2,
      "shape": "circular",
      "diameter": 3.27,
      "totalLiquidVolume": 20,
      "x": 41.38,
      "y": 74.24,
      "z": 25.49
    },
    "B4": {
      "depth": 39.2,
      "shape": "circular",
      "diameter": 3.27,
      "totalLiquidVolume": 20,
      "x": 41.38,
      "y": 65.24,
      "z": 25.49
    },
    "C4": {
      "depth": 39.2,
      "shape": "circular",
      "diameter": 3.27,
      "totalLiquidVolume": 20,
      "x": 41.38,
      "y": 56.24,
      "z": 25.49
    },
    "D4": {
      "depth": 39.2,
      "shape": "circular",
      "diameter": 3.27,
      "totalLiquidVolume": 20,
      "x": 41.38,
      "y": 47.24,
      "z": 25.49
    },
    "E4": {
      "depth": 39.2,
      "shape": "circular",
      "diameter": 3.27,
      "totalLiquidVolume": 20,
      "x": 41.38,
      "y": 38.24,
      "z": 25.49
    },
    "F4": {
      "depth": 39.2,
      "shape": "circular",
      "diameter": 3.27,
      "totalLiquidVolume": 20,
      "x": 41.38,
      "y": 29.24,
      "z": 25.49
    },
    "G4": {
      "depth": 39.2,
      "shape": "circular",
      "diameter": 3.27,
      "totalLiquidVolume": 20,
      "x": 41.38,
      "y": 20.24,
      "z": 25.49
    },
    "H4": {
      "depth": 39.2,
      "shape": "circular",
      "diameter": 3.27,
      "totalLiquidVolume": 20,
      "x": 41.38,
      "y": 11.24,
      "z": 25.49
    },
    "A5": {
      "depth": 39.2,
      "shape": "circular",
      "diameter": 3.27,
      "totalLiquidVolume": 20,
      "x": 50.38,
      "y": 74.24,
      "z": 25.49
    },
    "B5": {
      "depth": 39.2,
      "shape": "circular",
      "diameter": 3.27,
      "totalLiquidVolume": 20,
      "x": 50.38,
      "y": 65.24,
      "z": 25.49
    },
    "C5": {
      "depth": 39.2,
      "shape": "circular",
      "diameter": 3.27,
      "totalLiquidVolume": 20,
      "x": 50.38,
      "y": 56.24,
      "z": 25.49
    },
    "D5": {
      "depth": 39.2,
      "shape": "circular",
      "diameter": 3.27,
      "totalLiquidVolume": 20,
      "x": 50.38,
      "y": 47.24,
      "z": 25.49
    },
    "E5": {
      "depth": 39.2,
      "shape": "circular",
      "diameter": 3.27,
      "totalLiquidVolume": 20,
      "x": 50.38,
      "y": 38.24,
      "z": 25.49
    },
    "F5": {
      "depth": 39.2,
      "shape": "circular",
      "diameter": 3.27,
      "totalLiquidVolume": 20,
      "x": 50.38,
      "y": 29.24,
      "z": 25.49
    },
    "G5": {
      "depth": 39.2,
      "shape": "circular",
      "diameter": 3.27,
      "totalLiquidVolume": 20,
      "x": 50.38,
      "y": 20.24,
      "z": 25.49
    },
    "H5": {
      "depth": 39.2,
      "shape": "circular",
      "diameter": 3.27,
      "totalLiquidVolume": 20,
      "x": 50.38,
      "y": 11.24,
      "z": 25.49
    },
    "A6": {
      "depth": 39.2,
      "shape": "circular",
      "diameter": 3.27,
      "totalLiquidVolume": 20,
      "x": 59.38,
      "y": 74.24,
      "z": 25.49
    },
    "B6": {
      "depth": 39.2,
      "shape": "circular",
      "diameter": 3.27,
      "totalLiquidVolume": 20,
      "x": 59.38,
      "y": 65.24,
      "z": 25.49
    },
    "C6": {
      "depth": 39.2,
      "shape": "circular",
      "diameter": 3.27,
      "totalLiquidVolume": 20,
      "x": 59.38,
      "y": 56.24,
      "z": 25.49
    },
    "D6": {
      "depth": 39.2,
      "shape": "circular",
      "diameter": 3.27,
      "totalLiquidVolume": 20,
      "x": 59.38,
      "y": 47.24,
      "z": 25.49
    },
    "E6": {
      "depth": 39.2,
      "shape": "circular",
      "diameter": 3.27,
      "totalLiquidVolume": 20,
      "x": 59.38,
      "y": 38.24,
      "z": 25.49
    },
    "F6": {
      "depth": 39.2,
      "shape": "circular",
      "diameter": 3.27,
      "totalLiquidVolume": 20,
      "x": 59.38,
      "y": 29.24,
      "z": 25.49
    },
    "G6": {
      "depth": 39.2,
      "shape": "circular",
      "diameter": 3.27,
      "totalLiquidVolume": 20,
      "x": 59.38,
      "y": 20.24,
      "z": 25.49
    },
    "H6": {
      "depth": 39.2,
      "shape": "circular",
      "diameter": 3.27,
      "totalLiquidVolume": 20,
      "x": 59.38,
      "y": 11.24,
      "z": 25.49
    },
    "A7": {
      "depth": 39.2,
      "shape": "circular",
      "diameter": 3.27,
      "totalLiquidVolume": 20,
      "x": 68.38,
      "y": 74.24,
      "z": 25.49
    },
    "B7": {
      "depth": 39.2,
      "shape": "circular",
      "diameter": 3.27,
      "totalLiquidVolume": 20,
      "x": 68.38,
      "y": 65.24,
      "z": 25.49
    },
    "C7": {
      "depth": 39.2,
      "shape": "circular",
      "diameter": 3.27,
      "totalLiquidVolume": 20,
      "x": 68.38,
      "y": 56.24,
      "z": 25.49
    },
    "D7": {
      "depth": 39.2,
      "shape": "circular",
      "diameter": 3.27,
      "totalLiquidVolume": 20,
      "x": 68.38,
      "y": 47.24,
      "z": 25.49
    },
    "E7": {
      "depth": 39.2,
      "shape": "circular",
      "diameter": 3.27,
      "totalLiquidVolume": 20,
      "x": 68.38,
      "y": 38.24,
      "z": 25.49
    },
    "F7": {
      "depth": 39.2,
      "shape": "circular",
      "diameter": 3.27,
      "totalLiquidVolume": 20,
      "x": 68.38,
      "y": 29.24,
      "z": 25.49
    },
    "G7": {
      "depth": 39.2,
      "shape": "circular",
      "diameter": 3.27,
      "totalLiquidVolume": 20,
      "x": 68.38,
      "y": 20.24,
      "z": 25.49
    },
    "H7": {
      "depth": 39.2,
      "shape": "circular",
      "diameter": 3.27,
      "totalLiquidVolume": 20,
      "x": 68.38,
      "y": 11.24,
      "z": 25.49
    },
    "A8": {
      "depth": 39.2,
      "shape": "circular",
      "diameter": 3.27,
      "totalLiquidVolume": 20,
      "x": 77.38,
      "y": 74.24,
      "z": 25.49
    },
    "B8": {
      "depth": 39.2,
      "shape": "circular",
      "diameter": 3.27,
      "totalLiquidVolume": 20,
      "x": 77.38,
      "y": 65.24,
      "z": 25.49
    },
    "C8": {
      "depth": 39.2,
      "shape": "circular",
      "diameter": 3.27,
      "totalLiquidVolume": 20,
      "x": 77.38,
      "y": 56.24,
      "z": 25.49
    },
    "D8": {
      "depth": 39.2,
      "shape": "circular",
      "diameter": 3.27,
      "totalLiquidVolume": 20,
      "x": 77.38,
      "y": 47.24,
      "z": 25.49
    },
    "E8": {
      "depth": 39.2,
      "shape": "circular",
      "diameter": 3.27,
      "totalLiquidVolume": 20,
      "x": 77.38,
      "y": 38.24,
      "z": 25.49
    },
    "F8": {
      "depth": 39.2,
      "shape": "circular",
      "diameter": 3.27,
      "totalLiquidVolume": 20,
      "x": 77.38,
      "y": 29.24,
      "z": 25.49
    },
    "G8": {
      "depth": 39.2,
      "shape": "circular",
      "diameter": 3.27,
      "totalLiquidVolume": 20,
      "x": 77.38,
      "y": 20.24,
      "z": 25.49
    },
    "H8": {
      "depth": 39.2,
      "shape": "circular",
      "diameter": 3.27,
      "totalLiquidVolume": 20,
      "x": 77.38,
      "y": 11.24,
      "z": 25.49
    },
    "A9": {
      "depth": 39.2,
      "shape": "circular",
      "diameter": 3.27,
      "totalLiquidVolume": 20,
      "x": 86.38,
      "y": 74.24,
      "z": 25.49
    },
    "B9": {
      "depth": 39.2,
      "shape": "circular",
      "diameter": 3.27,
      "totalLiquidVolume": 20,
      "x": 86.38,
      "y": 65.24,
      "z": 25.49
    },
    "C9": {
      "depth": 39.2,
      "shape": "circular",
      "diameter": 3.27,
      "totalLiquidVolume": 20,
      "x": 86.38,
      "y": 56.24,
      "z": 25.49
    },
    "D9": {
      "depth": 39.2,
      "shape": "circular",
      "diameter": 3.27,
      "totalLiquidVolume": 20,
      "x": 86.38,
      "y": 47.24,
      "z": 25.49
    },
    "E9": {
      "depth": 39.2,
      "shape": "circular",
      "diameter": 3.27,
      "totalLiquidVolume": 20,
      "x": 86.38,
      "y": 38.24,
      "z": 25.49
    },
    "F9": {
      "depth": 39.2,
      "shape": "circular",
      "diameter": 3.27,
      "totalLiquidVolume": 20,
      "x": 86.38,
      "y": 29.24,
      "z": 25.49
    },
    "G9": {
      "depth": 39.2,
      "shape": "circular",
      "diameter": 3.27,
      "totalLiquidVolume": 20,
      "x": 86.38,
      "y": 20.24,
      "z": 25.49
    },
    "H9": {
      "depth": 39.2,
      "shape": "circular",
      "diameter": 3.27,
      "totalLiquidVolume": 20,
      "x": 86.38,
      "y": 11.24,
      "z": 25.49
    },
    "A10": {
      "depth": 39.2,
      "shape": "circular",
      "diameter": 3.27,
      "totalLiquidVolume": 20,
      "x": 95.38,
      "y": 74.24,
      "z": 25.49
    },
    "B10": {
      "depth": 39.2,
      "shape": "circular",
      "diameter": 3.27,
      "totalLiquidVolume": 20,
      "x": 95.38,
      "y": 65.24,
      "z": 25.49
    },
    "C10": {
      "depth": 39.2,
      "shape": "circular",
      "diameter": 3.27,
      "totalLiquidVolume": 20,
      "x": 95.38,
      "y": 56.24,
      "z": 25.49
    },
    "D10": {
      "depth": 39.2,
      "shape": "circular",
      "diameter": 3.27,
      "totalLiquidVolume": 20,
      "x": 95.38,
      "y": 47.24,
      "z": 25.49
    },
    "E10": {
      "depth": 39.2,
      "shape": "circular",
      "diameter": 3.27,
      "totalLiquidVolume": 20,
      "x": 95.38,
      "y": 38.24,
      "z": 25.49
    },
    "F10": {
      "depth": 39.2,
      "shape": "circular",
      "diameter": 3.27,
      "totalLiquidVolume": 20,
      "x": 95.38,
      "y": 29.24,
      "z": 25.49
    },
    "G10": {
      "depth": 39.2,
      "shape": "circular",
      "diameter": 3.27,
      "totalLiquidVolume": 20,
      "x": 95.38,
      "y": 20.24,
      "z": 25.49
    },
    "H10": {
      "depth": 39.2,
      "shape": "circular",
      "diameter": 3.27,
      "totalLiquidVolume": 20,
      "x": 95.38,
      "y": 11.24,
      "z": 25.49
    },
    "A11": {
      "depth": 39.2,
      "shape": "circular",
      "diameter": 3.27,
      "totalLiquidVolume": 20,
      "x": 104.38,
      "y": 74.24,
      "z": 25.49
    },
    "B11": {
      "depth": 39.2,
      "shape": "circular",
      "diameter": 3.27,
      "totalLiquidVolume": 20,
      "x": 104.38,
      "y": 65.24,
      "z": 25.49
    },
    "C11": {
      "depth": 39.2,
      "shape": "circular",
      "diameter": 3.27,
      "totalLiquidVolume": 20,
      "x": 104.38,
      "y": 56.24,
      "z": 25.49
    },
    "D11": {
      "depth": 39.2,
      "shape": "circular",
      "diameter": 3.27,
      "totalLiquidVolume": 20,
      "x": 104.38,
      "y": 47.24,
      "z": 25.49
    },
    "E11": {
      "depth": 39.2,
      "shape": "circular",
      "diameter": 3.27,
      "totalLiquidVolume": 20,
      "x": 104.38,
      "y": 38.24,
      "z": 25.49
    },
    "F11": {
      "depth": 39.2,
      "shape": "circular",
      "diameter": 3.27,
      "totalLiquidVolume": 20,
      "x": 104.38,
      "y": 29.24,
      "z": 25.49
    },
    "G11": {
      "depth": 39.2,
      "shape": "circular",
      "diameter": 3.27,
      "totalLiquidVolume": 20,
      "x": 104.38,
      "y": 20.24,
      "z": 25.49
    },
    "H11": {
      "depth": 39.2,
      "shape": "circular",
      "diameter": 3.27,
      "totalLiquidVolume": 20,
      "x": 104.38,
      "y": 11.24,
      "z": 25.49
    },
    "A12": {
      "depth": 39.2,
      "shape": "circular",
      "diameter": 3.27,
      "totalLiquidVolume": 20,
      "x": 113.38,
      "y": 74.24,
      "z": 25.49
    },
    "B12": {
      "depth": 39.2,
      "shape": "circular",
      "diameter": 3.27,
      "totalLiquidVolume": 20,
      "x": 113.38,
      "y": 65.24,
      "z": 25.49
    },
    "C12": {
      "depth": 39.2,
      "shape": "circular",
      "diameter": 3.27,
      "totalLiquidVolume": 20,
      "x": 113.38,
      "y": 56.24,
      "z": 25.49
    },
    "D12": {
      "depth": 39.2,
      "shape": "circular",
      "diameter": 3.27,
      "totalLiquidVolume": 20,
      "x": 113.38,
      "y": 47.24,
      "z": 25.49
    },
    "E12": {
      "depth": 39.2,
      "shape": "circular",
      "diameter": 3.27,
      "totalLiquidVolume": 20,
      "x": 113.38,
      "y": 38.24,
      "z": 25.49
    },
    "F12": {
      "depth": 39.2,
      "shape": "circular",
      "diameter": 3.27,
      "totalLiquidVolume": 20,
      "x": 113.38,
      "y": 29.24,
      "z": 25.49
    },
    "G12": {
      "depth": 39.2,
      "shape": "circular",
      "diameter": 3.27,
      "totalLiquidVolume": 20,
      "x": 113.38,
      "y": 20.24,
      "z": 25.49
    },
    "H12": {
      "depth": 39.2,
      "shape": "circular",
      "diameter": 3.27,
      "totalLiquidVolume": 20,
      "x": 113.38,
      "y": 11.24,
      "z": 25.49
    }
  },
  "groups": [
    {
      "metadata": {},
      "wells": [
        "A1",
        "B1",
        "C1",
        "D1",
        "E1",
        "F1",
        "G1",
        "H1",
        "A2",
        "B2",
        "C2",
        "D2",
        "E2",
        "F2",
        "G2",
        "H2",
        "A3",
        "B3",
        "C3",
        "D3",
        "E3",
        "F3",
        "G3",
        "H3",
        "A4",
        "B4",
        "C4",
        "D4",
        "E4",
        "F4",
        "G4",
        "H4",
        "A5",
        "B5",
        "C5",
        "D5",
        "E5",
        "F5",
        "G5",
        "H5",
        "A6",
        "B6",
        "C6",
        "D6",
        "E6",
        "F6",
        "G6",
        "H6",
        "A7",
        "B7",
        "C7",
        "D7",
        "E7",
        "F7",
        "G7",
        "H7",
        "A8",
        "B8",
        "C8",
        "D8",
        "E8",
        "F8",
        "G8",
        "H8",
        "A9",
        "B9",
        "C9",
        "D9",
        "E9",
        "F9",
        "G9",
        "H9",
        "A10",
        "B10",
        "C10",
        "D10",
        "E10",
        "F10",
        "G10",
        "H10",
        "A11",
        "B11",
        "C11",
        "D11",
        "E11",
        "F11",
        "G11",
        "H11",
        "A12",
        "B12",
        "C12",
        "D12",
        "E12",
        "F12",
        "G12",
        "H12"
      ]
    }
  ],
  "parameters": {
    "format": "96Standard",
    "isTiprack": true,
    "tipLength": 39.2,
    "tipOverlap": 8.25,
    "isMagneticModuleCompatible": false,
    "loadName": "custom_96_tiprack_20ul"
  },
  "namespace": "custom_beta",
  "version": 1,
  "schemaVersion": 2,
  "cornerOffsetFromSlot": {
    "x": 0,
    "y": 0,
    "z": 0
  }
}
